text_a	label
我的右腳外踝骨折一年多・平時有腳走路不敢用力・走路時間長了腳和小腿腫脹・三個月前拍片骨折處長好・為什麼腫脹不好 你的情況考慮局部有炎癥的可能性大一些。建議服用紅藥片，乙酰螺旋黴素片等治療觀察。必要時拍X線明確診斷。	1
我的右腳外踝骨折一年多・平時有腳走路不敢用力・走路時間長了腳和小腿腫脹・三個月前拍片骨折處長好・為什麼腫脹不好 骨折後因為傷處周圍內的血管或是淋巴管破裂。易引起骨折愈合後的水腫現象的這是正常的。建議可以做做熱敷等。同時建議可以口服點七厘散等活血的藥物進行調理吧。	1
全部症狀：手指關節不小心韌帶扭傷現在關節腫大痛發病時間及原因：治療情況：關節骨頭沒問題。看能用什麼有效的外敷藥治療。 首先建議拍片看看是否是有骨折啊。如果沒有骨折可能是軟組織傷啊。建議前3天冷敷。3天後熱敷試試。	1
全部症狀：手指關節不小心韌帶扭傷現在關節腫大痛發病時間及原因：治療情況：關節骨頭沒問題。看能用什麼有效的外敷藥治療。 扭傷建議找中醫骨傷科醫生辨證用中藥或手法（也可自己動手）正骨按摩，順筋，揉搓，可以服吲哚美辛片，雙氯滅痛片，地塞米松片。或局部外貼奇正消痛貼等治療，療效甚佳。	1
全部症狀：手指關節不小心韌帶扭傷現在關節腫大痛發病時間及原因：治療情況：關節骨頭沒問題。看能用什麼有效的外敷藥治療。 的情況一般考慮是關節炎引起的，可以口服消炎鎮痛藥物配合活血化瘀藥物治療，局部熱敷，烤電治療，建議你多休息，調節心情，多喝水，少食辛辣刺激食物，保證睡眠充足，註意防寒保暖，密切觀察。	1
全部症狀：手指關節不小心韌帶扭傷現在關節腫大痛發病時間及原因：治療情況：關節骨頭沒問題。看能用什麼有效的外敷藥治療。 首先建議拍片看看是否是有骨折啊。如果沒有骨折可能是軟組織傷啊。建議前3天冷敷。3天後熱敷試試。在當地醫生指導下口服一點三七傷藥片，雲南白藥氣霧劑也可以試試。而且一定要註意休息啊。這個需要很久的時間才能恢複的。而且註意防止再次受傷。	1
請問一下腦袋疼的厲害，基本整個腦袋都疼，睡覺也睡覺著，就是近來幾天的事，前幾天感冒高燒了，後來好了腦袋就一直疼，現在嗓子也發炎了，一咳嗽腦袋就疼，請問下吃點什麼藥啊 如果你有這方面的煩惱，請先到正規的醫院診斷，再根據醫生的指導進行治療，切勿自行用藥。	1
我父親肺癌中晚期，並患有糖尿病Ⅱ型，目前正在做穿刺活檢，醫生看了CT，說已經不能做手術了，只能吃中藥了。一個半月前，常常胸口疼，進醫院檢查時，痰有血絲目前，只是剛確診，穿刺報告還沒出來飲食方面需要注意什麼？應該多吃什麼？不能吃什麼？還有其他更好的治療方法嗎？ 患者朋友，肺癌是肺部最常見的原發性惡性腫瘤。一般早期常無表現，晚期才見咳嗽、咳血、胸痛、肥大性骨關節病以及癌瘤壓迫或轉移引起的癥狀。你的情況我建議，推薦你中藥治療，夏枯草、海藻、海帶、丹皮、瓜蔞、生地、野菊花、魚腥草、蒲公英。及時治療，效果非常好的。	1
我父親肺癌中晚期，並患有糖尿病Ⅱ型，目前正在做穿刺活檢，醫生看了CT，說已經不能做手術了，只能吃中藥了。一個半月前，常常胸口疼，進醫院檢查時，痰有血絲目前，只是剛確診，穿刺報告還沒出來飲食方面需要注意什麼？應該多吃什麼？不能吃什麼？還有其他更好的治療方法嗎？ 可以適當增加酸甜食物的攝入，有助於緩解胃口不適。多吃一些維生素含量高的新鮮蔬菜和水果，可有效增加抵抗力。中醫治療腫瘤方面，主要是去邪扶正，扶正固本，對身體免疫力起調節作用，但是療效有限。但是你可以嘗試一下，有的人效果還是很好的。建議你到醫院制定綜合科學的治療方案。不要貽誤診治，積極配合治療	1
我父親肺癌中晚期，並患有糖尿病Ⅱ型，目前正在做穿刺活檢，醫生看了CT，說已經不能做手術了，只能吃中藥了。一個半月前，常常胸口疼，進醫院檢查時，痰有血絲目前，只是剛確診，穿刺報告還沒出來飲食方面需要注意什麼？應該多吃什麼？不能吃什麼？還有其他更好的治療方法嗎？ 肺癌中晚期主要是放療和化療，待病情穩定後考慮給中藥治療。穿刺的病理結果很重要，可以指導臨床用藥。平時飲食要清淡，不要再吃肉了，多吃些含蛋白質高的蔬菜，如大豆等，肺與大腸相表里，還要註意通便。建議積極化療，有機會的情況下給予放療（γ刀治療），在病情穩定後可以給予中藥和最新的腫瘤細胞免疫治療。飲食主要是清淡飲食，加強蛋白營養補充。	1
斷奶乳房脹痛，有結塊。斷奶乳房脹痛，有結塊。剛剛摸了一點紅花油。 考慮是有斷奶期間有乳汁淤積引起的乳房腫塊的可能的。如果在退乳的過程中，出現乳房硬塊要用熱毛巾局部熱敷後輕柔，擠出少許乳汁即可。否則乳房過度膨脹會導致乳腺感染的可能。	1
斷奶乳房脹痛，有結塊。斷奶乳房脹痛，有結塊。剛剛摸了一點紅花油。 適當揉一揉。吃清淡一點的菜，到藥店買一包麥牙煮開，同時吃維生素b6，喝點水就可以了。奶很脹時，可以用冷或冰的毛巾撫一下會好一些。如果漲的疼，可以把硭硝放在布包里，貼在乳房上，可以緩解。主要還是要忍耐，實在疼的受不了了再用吸奶器，也不要吸的太多，因為越吸越有。	1
懷孕34周雙頂徑8。4cm股骨徑6。8cm我想問問是不是正常的 你這個數值的話是屬於正常範圍之內的，不需要很擔心的建議你定期複查超聲檢查及胎心監護為好的	1
早上沒吃早餐，噁心頭暈，看不清東西，站不穩，是為什麼？ 這種情況可能是貧血、低血壓、低血糖、營養不良等。貧血常見的癥狀有頭暈乏力、心慌氣短、食欲不振、皮膚粘膜蒼白、指甲扁平等。建議在醫師的詳細檢查後，在用藥治療。建議去醫院做檢查，如血常規、血糖、微量元素等，確診後做相應的治療。飲食要規律，營養要全面，避免挑食。註意鍛煉，增強體質。	1
偏頭痛，眼睛模糊，手麻木請大家幫幫忙怎樣治療，需要吃什麼藥，如何治療最有效 偏頭痛是一種反複發作的臨床常見癥狀，主要由神經元，特別是下丘腦神經元功能失調導致血管舒縮素紊亂引起。偏頭痛通常在青春期前後起病，歷時長達數年甚至數十年，頑固難愈。一般可考慮吃些中草藥川芎茶調散來治療。	1
懷孕八個月陰道到陰道口裡長了一塊肉不疼不癢怎麼辦啊 考慮陰道壁膨出可能，是因為懷孕子宮增大，壓迫盆底肌肉，造成盆底肌肉松弛引起。建議等孩子生下來後再治療。孕期治療是沒有效果的。	1
懷孕八個月陰道到陰道口裡長了一塊肉不疼不癢怎麼辦啊 像你這種情況考慮是局部的毛囊炎。請註意個人衛生，勤洗燥，勤換內衣褲。註意飲食要清淡，適時用些消炎藥。如果確實很擔的話建議你去醫院看看，做個白帶常規檢查一下	1
我寶寶誤喝了一爵臣牌清洗劑有事嗎用去醫院洗胃嗎 你的情況要考慮這個如果量比較多的話還是要到醫院進行洗胃治療的。	1
32+3周雙頂徑8。0股骨長6。2胎兒發？32+3周雙頂徑8。0股骨長6。2胎兒發育正常嗎。 ～你孩子的檢查結果是正常的，符合32周大小的檢查數據，別緊張和擔心註意加強營養和休息，多補鈣，多進食含有維生素和微量元素食物，營養均衡，定期孕檢	1
那做B超就能檢查出孩子畸不畸形嗎 鑒於這種情況一般來說如果孩子基本成型是可以的建議註意飲食及休息養成一個好習慣及營養的補充	1
那做B超就能檢查出孩子畸不畸形嗎 可以的。等胎兒發育的差不多的時候，可以去做一個三維或四維的彩超，這個檢查對胎兒的五官和四肢以及各大臟器的先天性畸形有很大的幫助建議你做一個三維或四維的彩超檢查，可以明確看出胎兒五官及四肢腹部臟器等。22周－26周的產篩（B超）是很關鍵的，也是決定胎兒的命運的檢查。一旦發現問題，就會停止孕育。	1
四歲小孩只要一躺下就不停的咳嗽，連續不斷地咳嗽，該怎麼治 寶寶咳嗽這情況考慮是呼吸道感染引起的，應該加用消炎藥物是比較好的，現在主要是註意有沒有出現支氣管炎，可以去醫院聽診檢查下，支氣管炎的話考慮輸液治療效果比較好，多餵開水，避免著涼。	1
患蛛網膜下腔出血，現右眼不能睜開，左眼內角下墜是什麼原因 這個很明顯是由於腦出血導致的神經壓迫引起的，建議先減輕顱內壓	1
腦淤血偏癱早期應吃啥藥和飲食 首先，應限制動物脂肪，如豬油、牛油、奶油等，以及含膽固醇較高的食物，如蛋黃、魚子、動物內臟、肥肉等，因為這些食物中所含飽和脂肪酸可使血中膽固醇濃度明顯升高，促進動脈硬化。可采用植物油，如豆油、茶油、芝麻油、花生油等，因其中所含不飽和脂肪可促進膽固醇排泄及轉化為膽汁酸，從而達到降低血中膽固醇含量，推遲和減輕動脈硬化目的。其次，飲食中應有適當蛋白質，常吃些蛋清、瘦肉、魚類和各種豆類及豆制品，以供給身體所需要的氨其酸。一般每日飲牛奶及酸牛奶各一杯，因牛奶中含有牛奶因子和乳清酸，能抑制體內膽固醇	1
腦淤血偏癱早期應吃啥藥和飲食 腦出血病多由於動脈硬化和高血壓引起，與日常飲食有密切關系，患者要忌食肥膩食物，堅持長期低鹽（每天不超過3g）、低脂、適量碳水化合物和蛋白質飲食。宜吃植物油、蔬菜、水果及豆制品，忌食膽固醇高的蛋黃、皮蛋和辛辣食物，註意預防便秘。高血脂和血糖患者應努力進行控制和調節，給予低糖和低脂飲食，有煙酒嗜好者，要勸其戒煙酒。為了預防關節攣縮變形，保持肢體於功能位。按關節活動閾進行被動活動，按由健側到患側，由大關節到小關節循序進行，既要註意各方向運動到位，還要註意動作強度，切忌粗暴，以免肌肉損	1
懷孕四十八天未見胎心正常嗎、應該怎麼辦 考慮胚胎停止發育會發育不良建議註意休息，加強營養，過兩周定期複查，必要時清宮	1
懷孕四十八天未見胎心正常嗎、應該怎麼辦 懷孕後一般在37-38天可見孕囊，56天左右可見胎芽，胎芽長到5mm左右可見胎心，你懷孕才48天，未見胎心應該是正常的。建議你最好去醫院做個圍保，及時了解胎兒發育情況。平時註意休息、盡量別受涼、別勞累、多食富含葉酸的食物、遠離電腦、適當到室外散步、調整好身體狀態、為寶寶創造一個良好的發育環境。	1
今年還是3。8號來了月經，至今都沒來月經。 3。8號來了月經，至今都沒來月經，出現月經延期不來，請你先排除懷孕，其次在考慮是婦科炎癥、內分泌失調、壓力過大、寒涼刺激等因素導致的月經不規律。去醫院檢查排除婦科炎癥和懷孕以後，結合藥物調理內分泌保持體內激素平穩。	1
今年還是3。8號來了月經，至今都沒來月經。 建議做早試紙檢查。一般月經超過7-10天早孕試紙才能檢查出來的。檢查如果是2根紅線表示陽性，表示懷孕的可能如果排除懷孕的話，考慮是月經不調，治療月經不調首先得檢查B超及性激素六項明確具體的病因，針對原發病進行治療，然後適當配合一些調經的中藥。註意經期的保暖及休息。	1
今年還是3。8號來了月經，至今都沒來月經。 ，首先要確定是否懷孕，在確定沒懷孕的情況下，你的情況要考慮，內分泌失調或婦科炎癥等情況造成的。治療月經不調首先得檢查B超及性激素六項明確具體的病因，針對原發病進行治療	1
今年還是3。8號來了月經，至今都沒來月經。 女性的月經是受丘腦－垂體－卵巢性腺軸的調節。精神因素、情緒波動、環境的改變、妊娠、年齡、疾病、藥物，以及營養狀況等因素，所有導致引起這一性腺軸的功能異常的因素，都可以導致出現月經異常。建議及時到正規醫院婦科檢查，如腹部子宮附件B超、內分泌功能，化驗HCG等確診	1
今年還是3。8號來了月經，至今都沒來月經。 月經延期不來，首先要確定是否懷孕，，其次在考慮是婦科炎癥、內分泌失調、壓力過大、寒涼刺激等因素導致的月經不規律。治療月經不調首先得檢查B超及性激素六項明確具體的病因，針對原發病進行治療	1
臉上出現紅疹我就是用圍巾勒住了脖子，過會臉上就出現了紅疹還有點發紫，在這之前吃過牛肉也不知道是過敏還是怎麼了。 治療可用2％~3％的硼酸，開水沖開，用比較幹凈的紗布或消毒棉簽蘸上少許，塗抹在患處。中藥可用金銀花20克、蒲公英20克，熬成水，晾涼後過濾，用涼濕毛巾蘸一點，緩緩擦敷患處。平時多補充維生素C、B1、B6，可適當讓寶寶喝點橘子汁。	1
馬蹄足外翻屬於腦癱吧？患者是男孩子，現在9個半月，剛學走路，但是走不好，左腳腳尖墊地，後來去醫院檢查說是馬蹄足。不知道是否跟腦癱有關係，要怎麼治療才能像正常人那樣走路呢？馬蹄內翻足手法驕正有多大效果呢？ 可能是先天性的癥狀，一般情況下建議及時的外科檢查試試，也是很重要的，腦癱也是可能會有關系的。	1
我昨晚拉肚子拉水像這樣的情況怎麼辦最好呢，謝謝醫生 初步考慮大概是胃腸功能紊亂建議給予氟哌酸及蒙脫石散/複方是酸乳桿菌片調節，註意腹部保暖，易消化飲食，必要的話化驗大便	1
肝臟部位疼痛，專家診斷為肝氣痛，請問吃啥藥效果最好 胃炎引起的癥狀，一般會引起右側腹部疼痛和發脹等癥狀:你的情況我建議首先就要註意休息，清淡溫熱飲食，少吃多餐，建議服用阿莫西林膠囊和奧美拉唑膠囊和西沙必利片和維生素B12治療，不要吃辛辣食物很重要	1
肝臟部位疼痛，專家診斷為肝氣痛，請問吃啥藥效果最好 建議最好采用中藥配合心理治療可以達到很好的治療效果，中藥可以起到調理情緒，醒腦開竅、疏肝滌痰、調理氣血，調整機體的臟腑功能及平衡陰陽的作用。中藥副作用小、標本兼治。同時配合心理治療從根本上治療疾病，才能取得滿意的治療效果，疾病反複發作的原因就是沒有治療心理因素，只有去除心理因素，才能達到根治。祝早日康複	1
肝臟部位疼痛，專家診斷為肝氣痛，請問吃啥藥效果最好 肝炎患者采用中醫辯證施治，有一定的效果。總之，肝炎患者應忌用各種可能損害肝臟的藥物。	1
缺鐵性貧血吃什麼食物補血缺鐵性貧血吃什麼食物補血，我打算食補和藥補一起來補血，現在已經開始吃補鐵的鐵之緣片一個多星期了，食補方面哪些食物效果最好呢？ 缺鐵性貧血可以多吃些補鐵的食物，如豬肝、雞鴨肝、豬血、雞鴨血、海帶、紫菜、蛋黃、牛肉、櫻桃、紅棗、紅衣花生等食物。缺鐵性貧血主要的治療方法是服用鐵劑治療，可以服用鐵劑鐵之緣片，鐵之緣片獨特的配方，補鐵安全無腸胃刺激、服用口感舒適無鐵腥味。是缺鐵性貧血的專屬鐵劑，推薦服用。	1
缺鐵性貧血吃什麼食物補血缺鐵性貧血吃什麼食物補血，我打算食補和藥補一起來補血，現在已經開始吃補鐵的鐵之緣片一個多星期了，食補方面哪些食物效果最好呢？ 缺鐵性貧血主要是由於鐵攝入不足或者需求量增多導致，可出現面色蒼白，指甲粗糙，毛發幹燥，心慌等癥狀。平時多食用含鐵量豐富的食物如動物肝臟，動物血，海帶，紫菜，魚肉等，同時可口服富馬酸亞鐵，或者硫酸亞鐵及維生素C片治療。	1
"住院前急性腎小球腎炎浮腫血壓高血尿頭痛發？住院前急性腎小球腎炎浮腫血壓高血尿頭痛發燒。保定住院兩週出院後一週驗了個尿血尿4個加號是不是沒好怎麼治療 急性腎小球腎炎常簡稱急性腎炎。廣義上系指一組病因及發病機理不一，但臨床上表現為急性起病，以血尿、蛋白尿、水腫、高血壓和腎小球濾過率下降為特點的腎小球疾病，故也常稱為急性腎炎綜合征。治療急性腎小球腎炎目前比較好的方法是：血液光氧活腎療法。""血液光氧活腎療法""通過自身血液的氧化處理，來修複腎組織，激活機體中的粒細胞，增強粒細胞的吞噬功能，從而清除腎內沈積的免疫複合物，疏通血管內凝血，最終修複受損乃至壞死的腎小球、腎小管及腎間質，使其恢複正常功能。再配合疏通經絡、調暢氣機、修複臟器"	1
我懷孕48天剛知道以前還想是胃病犯了，結果檢查是懷孕了，能影響胎兒嗎 如果你現在檢查胎兒一切都正常，並且你也沒有什麽不適癥狀，那麽考慮沒有什麽問題，放心好了。建議你現在要註意休息和營養，不要過於勞累，不要亂用藥，以免對胎兒不好。	1
我左邊腰疼，腰以下坐骨神經痛，到腳踝以上。請問專家該如何治療為好？ 考慮是腰間盤突出壓迫神經造成的，最好及時拍片檢查，明確後及時針灸按摩，同時建議最好牽引，可以改善的。	1
懷孕7個月，我陰道很癢還有跟豆腐渣一樣的液體流出，請問是什麼婦科病，會影響胎兒嗎？ 陰道癢有豆腐渣樣的白帶，應該可能是黴菌感染了，現在是可以陰道塞藥來治療的。陰道用藥，可以選擇：達克寧、克黴唑和硝夫太爾制黴菌素膠囊。外陰擦藥，可以選擇：克黴唑軟膏和達克寧霜。	1
"腎虛吃什麼藥。腎虛吃什麼藥。腎虛吃什麼藥。腎虛吃什麼藥。 腎虛是通過中醫辨證證明的，而儀器檢查不出。如果確認為腎虛還需分腎陽虛與腎陰虛對待。腎陽虛的癥狀為腰酸、四肢發冷、畏寒，甚至還有水腫，也就是說表現為""寒""的癥狀，性功能不好也會導致腎陽虛。腎陰虛的癥狀為""熱""，主要有腰酸、燥熱、盜汗、虛汗、頭暈、耳鳴等。腎陽虛可以吃狗肉、羊肉、韭菜、泥鰍來進行食補，藥物則有腎寶、玉蓯蓉、金匱腎氣丸、右歸丸等。腎陰虛可以吃哈士膜，黑木耳，黑芝麻，小核桃等進行食補，藥物建議你口服六味地黃丸"	1
懷孕7周，吃了抗宮言片，對寶寶好不好 在懷孕期間，服用治療婦科炎癥藥物，可能影響胎兒正常發育和生長的。建議謹慎服用消炎藥物為好，如果身體有婦科炎癥，可以使用潔爾陰或婦炎潔清洗殺菌治療為好。	1
懷孕6個月羊水過少應該怎麼辦 你的情況是屬於孕期羊水過少的情況，正常情況下羊水最深是5cm-8cm，正常羊水指數是8cm-18cm。:你的情況我建議你多喝水，避免勞累，建議多吃水分多的青菜水果，少吃味濃濃度高的食物，如臍橙、鹹鴨蛋等要少吃，多吃開水，會多起來的	1
懷孕6個月羊水過少應該怎麼辦 羊水過少的治療也要先查明發病原因。如果羊水過少，胎兒經檢查無畸形，孕婦沒有嚴重並發疾病，可在大夫的指導下，通過快速飲水的辦法增加羊水量。凡足月未臨產而又屬缺乏羊水的孕婦，可在2小時之內飲水2000毫升（約4碗水），如果仍然達不到要求，還可重複上述辦法。這種辦法安全，有效，簡便，易行，也沒有副作用，可在大夫的指導下進行。	1
懷孕6個月羊水過少應該怎麼辦 妊娠晚期羊水量少於300ml者，稱為羊水過少，羊水過少會嚴重影響圍生兒的預後要引起重視。妊娠期發現羊水過少如果明確合並胎兒畸形者，需要立即終止妊娠。羊水過少對胎兒危害較多，孕婦如發現自己的腹部增長不明顯或胎動異常，應及時到醫院檢查，在醫生指導下進行必要的治療。羊水過少的孕婦可以多喝水來增加血液循環，多吃蔬菜、水果。註意要臥床休息。	1
我老婆懷孕兩個多月了，能做愛射精嗎？ 懷孕早期第1，2，3個月的時候和後期第7，8，9個月的時候不要同房，懷孕中期4。5。6可以同房的，但是動作不要太粗暴。否則都可能導致流產的可能的	1
我老婆懷孕兩個多月了，能做愛射精嗎？ 一般女性在懷孕前三個月和後三個月期間是不可以性生活的。因為前三個月性生活會流產。後三個月性生活會早產。中間三個月是應該沒什麽大問題。不過盡量采用側式體位。因為這個時候子宮內的羊水是很多的，而羊水膜的話是比較薄的，如果說你這個時候有性生活的話，那麽有可能會導致羊水破裂，這樣就會流產的	1
我老婆懷孕兩個多月了，能做愛射精嗎？ 懷孕期的性生活不是被禁止的，健康而適度的性生活不僅是可以的，還能大大增進你和丈夫的親密感情。而且懷孕後不必擔心避孕的問題，可以使夫妻更放松，提高了兩人的性感，可能更能體驗到房事的快樂。害怕性生活對胎兒造成危害是沒有科學根據的。由於你的寶寶生活在一個有很厚壁的子宮腔里，周圍又是溫暖的羊水，羊水可以減輕震蕩和搖擺，所以你不必擔心你的寶寶會受到幹擾。你的子宮頸在孕期是緊閉的，而且還有許多黏液封閉著，能夠防止病原菌的侵入。但你應該了解孕期性的一些變化，絕不可因性生活而影響妊娠。據專家介紹：懷孕	1
我老婆懷孕兩個多月了，能做愛射精嗎？ 從受孕到妊娠的最初三個月，是胚胎的初始發育階段，胎盤尚未形成，胚胎附著在母體子宮內並不牢靠，如果一不小心，往往容易掉下來，造成流產。所以，在妊娠的頭三個月里最好不要性交，尤其是婚後多年不孕和曾經有過自發流產史的婦女。至於習慣性流產（懷孕3次以上均流產者）的婦女就更應絕對避免性交。	1
我老婆懷孕兩個多月了，能做愛射精嗎？ 一般建議懷孕早期第1，2，3個月的時候應避免性交。由於胚胎正處於發育階段，特別是胎盤和母體子宮壁的連接還不緊密，如果性交，很可能由於動作的不當或精神的過度興奮時的不慎，使子宮受到震動，很容易使胎盤脫落，造成流產。在懷孕中期4。5。6可以性交，但是註意體位以不壓迫女方腹部為宜，應有所節制和改變性交方法。動作不要太粗暴。否則也可能導致流產的可能的。懷孕後期第7，8，9個月的時候不要同房，否則可能導致早產。	1
我老婆懷孕兩個多月了，能做愛射精嗎？ 是可以的。不過為了安全著想懷孕期間還是少同房，前3個月是流產期後3個月是早產期:但次數不要過頻，動作不要太粗暴。妊娠期的危害主要有，易導致子宮收縮引起流產，2，有可能造成產前，產時和產後感染妊娠中期如偶有性生活，應註意以下兩點：（1）註意性器官的清潔，性交前男女方都必須清洗外生殖器。（2）註意克制，尤其丈夫的動作不能粗暴，最好能避免男方在上的性交體位。	1
我老婆懷孕兩個多月了，能做愛射精嗎？ 一般在懷孕前三個月不允許同房，容易引起流產，因此，建議你最好不要在此期間同房為好	1
全部症狀：臀部兩邊延長到腳後跟兩側肌肉痠痛發病時間及原因：2011年2月11號到現在治療情況：在私人診所打針過但沒有效果 朋友別擔心，這種情況可以采取按摩和針灸來治療可以了，你放心	1
鼻炎快十年了，主要症狀，鼻塞，流鼻涕，有時候頭暈頭疼，記憶力很差，去醫院檢查，那醫生說，變應性鼻炎，鼻竇炎，鼻中隔彎曲，上月十六號做了手術。請問下我這種情況是不是不應該做手術的？ 鼻炎主要是鼻腔黏膜和粘膜下組織炎癥的感染引起的，一般治療可以口服息斯敏，撲爾敏，慢性鼻炎可服霍膽丸也可使用中藥治療，如針灸等方法，同時可以選用外科治療手術激光等，平時註意多喝水，室內通風，註意休息，出門帶口罩，飲食清淡等。	1
全部症狀：胸部以下沒有知覺。發病時間及原因：2010年10月15日16時。拉剛割完的黃豆，四輪車車斗發生側翻，人從車斗上面摔到下面深溝，頭部朝下摔下，從高處到低處的距離大約4米。治療情況：增強營養，體溫略高，暫時還沒手術。（計劃2010年10月18日手術。） 這樣的話，要看損傷的程度和是否形成壓迫確定是否需要手術的，最好是進一步咨詢你的主治醫生	1
鄧醫生我挖了好多的蒲公英，不知怎麼弄（蒸還是晒乾）藥效最好？ 蒲公英可以當做蔬菜來說，各種做法都可以的。如果身體不適建議去看醫生，如果是保健用，隨便怎麽吃都可以。	1
鄧醫生我挖了好多的蒲公英，不知怎麼弄（蒸還是晒乾）藥效最好？ 蒲公英性寒，具有清熱解毒。利尿消腫的功效，即可全草入藥，也可根類直接入藥。蒲公英既然性寒，具有利尿的功效，自然生用、新鮮用最為合適，DNA如果長期放置留著以後用的話，可以直接曬幹即可。無須蒸煮。在中國藥典項下對此藥的炮制也是生曬即得。	1
做B超沒有做出來，做了血才做出來，我想問問是不是宮外孕，有時候還肚疼: 宮外孕，由於女性身體較虛弱，常易出汗。因此應補充水分，減少水分蒸發量。汗液中排出水溶性維生素較多，尤其是維生素B1、維生素C、維生素B2，因此，應多吃新鮮蔬菜、水果。忌食刺激性食品，如辣椒、胡椒、酒、醋、姜等，這類食品均能刺激性器官充血，增加月經量，也忌食田螺、螃蟹、河蚌等寒性食物	1
春夏季女子身體發出刺鼻臭味哪裡治痔瘡春夏時節，身體有刺鼻臭味，類似於汗臭或腳臭、塑料臭味。人多時尤其明顯，但婦科檢查均正常，不知是什麼部位引起的 主要看你癥狀，輕微需要調節飲食、忌食辛辣。行溫水坐浴，保持衛生。用藥主要是一種栓劑（在此不做廣告）。若是經常脫出，需要進行手術治療。建議還是門診檢查，不必過於緊張。%55%痔瘡的發生並非由細菌或病毒感染而引起，而是因各種原因引起的直腸肛門部位粘膜及肌層的靜脈回流障礙、淤積、曲張所致，與病毒及細菌感染無任何直接關系。。患有痔瘡應多吃清淡的，富含纖維的食物，少吃辣椒、生姜、大蒜、花椒等物，不要吃發的食物，比如海鮮、狗肉等，多攝取水分及纖維。。	1
大姨媽來半個月都沒有完？我有2個月都是一樣來大姨媽來了半個月正常那幾天多過了那幾天就每天都有一點點而且還有白帶帶血乾淨後還有異味 大姨媽來半個月都沒有完如果你在月經期排出大量的血有塊，或者是發生血崩，你就有月經過多的毛病。月經周期的激素發生紊亂，常會引起月經過多的問題。子宮肌瘤，盆腔感染或罕見的子宮內膜異位等疾病都會引起月經過多。子宮內放置避孕裝置也會引起這種毛病建議去醫院做進一步做具體檢查確診，b超和激素的檢查，你可能是有激素的紊亂，建議你服用黃體酮的調節，以便對癥治療。	1
大姨媽來半個月都沒有完？我有2個月都是一樣來大姨媽來了半個月正常那幾天多過了那幾天就每天都有一點點而且還有白帶帶血乾淨後還有異味 月經淋漓不凈，與內分泌激素失調有關，同時生殖道炎癥也有一定的影響。你應在月經來潮的第三天或月經來潮的二十天後，做女性激素的檢查。月經幹凈後化驗白帶，檢查致病菌。	1
大姨媽來半個月都沒有完？我有2個月都是一樣來大姨媽來了半個月正常那幾天多過了那幾天就每天都有一點點而且還有白帶帶血乾淨後還有異味 月經初潮後長則數年內才會建立規律的月經周期，尤其是在青春期是很容易發生月經失調的，與神經內分泌機制沒有發育成熟有關，不用過於擔心。如果長時間出血不止，可以到醫院檢查一下，針對性的調理治療，避免發生繼發性貧血等。	1
大姨媽來半個月都沒有完？我有2個月都是一樣來大姨媽來了半個月正常那幾天多過了那幾天就每天都有一點點而且還有白帶帶血乾淨後還有異味 月經長時間不止有可能是激素紊亂等原因引起的，最好是去醫院做個激素檢查，確定一下。最好是先吃點宮血寧試試，多吃點補氣補血的中藥或食物，多吃點營養品，保持好心情。	1
因患有腰椎間盤突出，右腿疼痛，晚上睡覺時一夜雙腳冰冷。怎麼治療？可能患什麼病 這個情況的話，主要考慮是椎間盤引起的，這個考慮用牽引+檢查個CT看看突出的情況如何，才好進行判斷	1
脊椎骨l1壓扁性骨折？脊椎骨l1壓扁性骨折怎樣能好。 對於胸十一壓縮性骨折，以前的治療方法主要是保守治療，如果出現脊神經損傷或者椎管變形，那麽就需要手術治療。保守治療的方法主要是臥床休息，同時補鈣治療。現在有一種較新的治療方法，就是用手術的方法進行治療，簡單點說，就是利用球囊對壓縮性骨折的部位進行擴張，然後註入骨水泥來幫助恢複。這種方法效果比較好。但費用可能較高。	1
脊椎骨l1壓扁性骨折？脊椎骨l1壓扁性骨折怎樣能好。 胸椎骨折通常是有外傷引起，註意有無神經壓迫癥狀，如果神經壓迫癥狀的話，建議手術治療，如果沒有可以保守治療，臥硬板床	1
"出生20多天的寶寶肚子咕咕叫，還總放屁，放屁時？出生20多天的寶寶肚子咕咕叫，還總放屁，放屁時表情還很難受，請問是怎麼回事啊。 孩子肚子咕咕響，可能是腹部受寒了，這可外帖丁桂兒臍貼試試看。可以服用複方胰酶散調理，註意腹部保暖，乳母禁忌生冷食物"""	1
出生20多天的寶寶肚子咕咕叫，還總放屁，放屁時？出生20多天的寶寶肚子咕咕叫，還總放屁，放屁時表情還很難受，請問是怎麼回事啊。 孩子的情況考慮是腸道菌群失調引起的，可以服用媽咪愛來調理一下，如果作用不佳，需要到醫院檢查治療．	1
我女兒得了急性喉炎該用什麼方法治療呢需要付點什麼藥見效快 咽喉炎。沒有特效的辦法。關鍵是保養。不大聲講話和歌唱。積極預防感冒。應該禁煙，酒，不吃辛辣食物。急性疼痛期間口服琥乙紅黴素片消炎治療，含化華素片。嚴重的輸液抗炎治療。吃些牛黃解毒丸也行，關鍵是平常一定要多喝水。	1
十六號來的大姨媽，今天31號會不會懷孕啊 的情況分析，你是在16號來的月經，你今天同房的話，不是在安全期的，你同房的時候沒有避孕措施的話，是有懷孕的可能的，你可以在你同房15天以後，或者在月經推遲一周後，用早孕試紙測試，判斷有無懷孕，測試時應該選擇晨尿，測試結果比較準確	1
十六號來的大姨媽，今天31號會不會懷孕啊 你的情況末次月經是16號的話，今天是31為排卵期的可能性大的，排卵期同房的話，懷孕的機率是很大的。排卵期一般是指月經周期的第十四天左右的，所以如果同房要避孕的話，建議檢查安全套等措施避孕的。	1
朋友的小孩一直身體都不好，天氣一變天就會感冒，而且以前小的時候也有過肺炎，這段時間發現她體質更弱了，想知道給她吃些什麼好。 小孩還是從好習慣開始，治療體質弱的有以下幾種方法：一過有規律的正常生活二保持心情輕松愉快三盡量遠離汙染的環境四少吃高脂，高糖，高熱量酸性食品，多吃蔬菜水果等堿性食品五每天運動30分鐘以上六食用弱堿性天然食品小球藻（綠藻），純天然沒副作用，它是所有植物堿性最高的食品，是一般蔬菜的30倍，是螺旋藻的6倍。	1
敏感面板膚色不正難伺候，以前膚色顯白很正常一點不癢，只是偶爾會起一點點皮屑，形狀和貓雪差不多大。以前長時間抹過含激素藥膏，後來出來一個水泡，醫生說先是激素刺激，後來是過敏。現在不晒倒不會很嚴重，只是平常膚色偏紅，不能隨便抹化妝品，激素藥膏，不知道能不能恢復 基本是屬於皮炎的癥狀，及時休息保養，繼續皮膚科檢查，不適宜激素藥物刺激的。	1
小孩兩歲患地貧，有檢查，結果顯示。a-地中海貧血基因型分析（缺失型）：檢出-SEA型基因缺失（東南亞型）雜合a-地中海貧血基因型分析（點突變型）：檢出alpha-2。CS型基因突變單體型不知道病情屬於輕重，怎麼去配合治療 病例分析:初步判斷是HbH病（中間型地貧），需要輸血，但程度不同。	1
小孩兩歲患地貧，有檢查，結果顯示。a-地中海貧血基因型分析（缺失型）：檢出-SEA型基因缺失（東南亞型）雜合a-地中海貧血基因型分析（點突變型）：檢出alpha-2。CS型基因突變單體型不知道病情屬於輕重，怎麼去配合治療 現在的情況是比較嚴重可以在醫生的指導下治療為好的，同時做好複查找。	1
小孩兩歲患地貧，有檢查，結果顯示。a-地中海貧血基因型分析（缺失型）：檢出-SEA型基因缺失（東南亞型）雜合a-地中海貧血基因型分析（點突變型）：檢出alpha-2。CS型基因突變單體型不知道病情屬於輕重，怎麼去配合治療 這個屬於比較的嚴重只能是對癥的進行治療就可以的	1
胃脹。便祕。口臭該怎麼辦平時飲食方面該吃些什麼 便秘應當盡快解決，長期便秘不僅會引起胃腸道的不適，口臭，甚至有可能導致腸道疾病的發生。在飲食方面，多攝入富含膳食纖維的食物，如蔬菜水果，粗糧雜糧，食物多樣化。	1
昨天開始龜頭開始發紅且癢陰襄腫脹且癢今天晚上開始龜頭紅的面積加大還是癢且有起皮現象陰襄繼續腫脹以前龜頭曾紅過但在未採取任何措施的情況下一天就好了還從未有過此現象已婚性生活正常我天天都會用清水進行清潔用洗液洗過想知道是怎麼回事如何治療？（） 一般來說你的情況是屬於炎癥導致的是可以使用點抗生素進行治療的一般來說你的情況是可以使用點頭孢拉定諾氟沙星進行治療的或是使用點苦參湯進行熏洗也是很不錯的	1
昨天開始龜頭開始發紅且癢陰襄腫脹且癢今天晚上開始龜頭紅的面積加大還是癢且有起皮現象陰襄繼續腫脹以前龜頭曾紅過但在未採取任何措施的情況下一天就好了還從未有過此現象已婚性生活正常我天天都會用清水進行清潔用洗液洗過想知道是怎麼回事如何治療？（） 你可能患的是陰囊濕診這種踩較常見於你的生活方式有關比如經常清洗會陰部沒有擦幹導致會陰部長期處於濕潤狀態或者是長期穿著濕潤的內褲等其治療方法是要保持會陰部幹燥穿著幹燥的內褲要是癥狀較重可以局部用些爽身粉及油性的膏劑	1
今年19歲，脣上汗毛很重，像鬍鬚，沒治療過，是否可以永久祛除？ 可以激光治療，療效比較肯定，而且也是長期的	1
FT3FT4都稍高TSH偏低是甲亢還是甲減 FT3FT4都稍高TSH偏低是甲亢的表現，不是甲減。	1
陰道口瘙癢，看起來沒什麼，但是就是癢，用婦炎潔洗了後能好點，過半天就又開始癢 根據你的描述考慮是陰道分泌物或者炎癥刺激引起的建議你可以在患處塗抹糠酸莫米松乳膏、鹽酸特比萘芬乳膏或克林黴素磷酸酯凝膠治療。還可以配合服用磺胺類藥物或抗生素和口服複合維生素綜合治療。	1
陰道口瘙癢，看起來沒什麼，但是就是癢，用婦炎潔洗了後能好點，過半天就又開始癢 考慮是陰道炎引起的，最好是先做個白帶常規檢查，查明到底是什麽樣的陰道炎，再對癥治療，自己不要盲目用藥的。建議你保持會陰部的潔凈，禁止性生活，防止交叉感染。	1
陰道口瘙癢，看起來沒什麼，但是就是癢，用婦炎潔洗了後能好點，過半天就又開始癢 瘙癢的原因（一）特殊感染黴菌性陰道炎和滴蟲性陰道炎是引起外陰瘙癢最常見的原因。虱子，疥瘡也可導致發癢。蟯蟲病引起的幼女肛門周圍及外陰瘙癢一般僅在夜間發作。（二）慢性外陰營養不良以奇癢為主要癥狀，伴有外陰皮膚發白。（三）局部過敏避孕套，衛生棉條，衛生巾或其他藥物，化學品過敏所致。（四）不良衛生習慣不註意外陰局部清潔，皮脂，汗液，月經，陰道內分泌物，甚至尿，糞浸漬，長期刺激外陰可引起瘙癢建議最好是積極調整情緒，同時建議必要時檢查白帶常規，考慮局部用藥，同時用藥期間禁止性生活	1
陰道口瘙癢，看起來沒什麼，但是就是癢，用婦炎潔洗了後能好點，過半天就又開始癢 你的情況一般考慮還是感染陰道炎的情況多出現白帶增多外陰局部瘙癢等建議做白帶常規檢查一般治療：註意經期衛生，保持外陰清潔幹燥。切忌搔抓、熱水洗燙和使用肥皂。有感染時使用高錳酸鉀溶液坐浴，內褲要透氣、寬適，忌酒及辛辣或過敏食物。	1
關節疼痛，夜間出汗，後背發涼，經風溼專科檢查一切正常，這是怎麼回事，怎樣看，怎麼治療呢吃了兩付治療風溼的湯藥沒有明顯的效果看看我的病怎樣治療？ 中醫認為是陰虛盜汗，風濕的表現。建議看看中醫，根據中醫辨證，選用六味地黃丸，獨活寄生丸治療。希望回答對你有所幫助。	1
髖臼骨折兩月能用柺杖嗎？能坐飛機嗎？ 你說的情況是可以給予使用拐杖的，建議你可以給予調整飲食，你可以給予複查處理的	1
腰間盤突出壓迫坐骨神經腰間盤突出壓迫坐骨神經椎管狹窄。現在不能走路怎麼才能治好 腰間盤突出是可以進行牽引、按摩、骶療治療的，如果癥狀嚴重影響行走，勞動等情況可采取微創手術治療。平時保護好腰部可以選擇腰圍固定，睡覺應該選擇硬木板床，盡量少做重體力活。	1
胸悶。氣短。頭疼胸口疼痛頭暈。 你的癥狀應考慮高血壓、動脈硬化引起。建議查心電圖、血糖、血脂等。	1
頭昏頭暈腰膝痠軟脖子後背痛手足發麻腹瀉腹脹大便顏色不正常渾身乏力易疲勞煩躁易怒口舌發乾這是什麼疾病怎麼治療 病例分析:考慮過敏性腸炎	1
頭昏頭暈腰膝痠軟脖子後背痛手足發麻腹瀉腹脹大便顏色不正常渾身乏力易疲勞煩躁易怒口舌發乾這是什麼疾病怎麼治療 可能為多種疾病引起，考慮頸椎，或腦供血不足引起頭暈，發麻，胃腸炎，或膽管結石引起腹脹，腹瀉，便色改變，口苦等。1。正規醫院就診。2行肝膽B超，頭顱CT，腦彩超等相關檢查明確診斷，對癥處理。	1
頭昏頭暈腰膝痠軟脖子後背痛手足發麻腹瀉腹脹大便顏色不正常渾身乏力易疲勞煩躁易怒口舌發乾這是什麼疾病怎麼治療 可能是身體有些陰虛，陰虛之後身體內由於陽熱亢盛熱量內擾多可以出現煩躁易怒，口舌發幹等。而腎陰虧虛就可以出現腰膝酸軟，頭暈頭昏等，可以買些知柏地黃丸來服用，一般多有療效。	1
頭昏頭暈腰膝痠軟脖子後背痛手足發麻腹瀉腹脹大便顏色不正常渾身乏力易疲勞煩躁易怒口舌發乾這是什麼疾病怎麼治療 結合你的年齡，考慮是長期熬夜、勞累導致頸椎病變引發頭暈、脖子疼等，同時伴有輕度焦慮癥，及腸易激綜合征等按照中醫理論屬肝腎陰虛，肝陽上亢，肝氣犯脾，建議口服杞菊地黃丸、參苓白術散治療	1
慢性乙型肝炎應該怎麼去注意怎麼去調節生活我檢查是做抽血兩對半，肝纖維彩超等等，三個月做一次檢查，想知道怎麼去控制或者這樣的病會不會復發，現在我病毒控制很好就是乙肝大三陽怎麼去治療 這個平時註意避免勞累情緒激動，不要喝酒就可以的，沒什麽問題	1
小孩為何經常便密和如何治療 出現小兒便秘，首先應該註意的一點是家長的正確引導，在小兒排便前發出信號，而且每天在時間上基本固定，逐漸使其適應按時排便。如果小兒不排便，也不可勉強，更不可強制孩子長時間蹲坐便盆。在飲食方面，應該適當給予一些精制食品，蔬菜，紅薯，水果等。對於經常發生便秘的小孩，除需要訓練排便習慣外，也可間隔給予一些促進腸蠕動和潤腸的藥物。還要註意奶粉和母乳與鈣這些不要一起吃，應該間隔2個小時，否則也可能導致便秘的。	1
小孩為何經常便密和如何治療 一定要禁辛辣食物。養成定時大便習慣，養成每天早晨蹲廁大便一次的習慣啊，即使早晨沒有大便的意思也應該養成蹲廁所的習慣。平常有便意時一定要盡快上廁所，每天多吃蔬菜，香蕉，紅薯，芝麻油，蜂蜜，多喝水等。就一定會改善便秘的。	1
寶寶溼疹，臉上、頭上和身上都有，去看醫生，給開了塗抹的藥膏，還建議給寶寶服用媽咪愛，剛好最近寶寶消化也不好，請問媽咪愛是要長期服用還是吃一段時間停一段時間這樣間隔著服用？ 病例分析:媽咪愛是要長期服用的	1
寶寶溼疹，臉上、頭上和身上都有，去看醫生，給開了塗抹的藥膏，還建議給寶寶服用媽咪愛，剛好最近寶寶消化也不好，請問媽咪愛是要長期服用還是吃一段時間停一段時間這樣間隔著服用？ 孩子濕疹主要是由於過敏引起的，這與孩子的體質也有一定關系。可分為急性和慢性兩種。可搽爐甘石洗劑或振蕩洗劑。也可短期應用地塞米松霜或膚輕松軟膏外搽。內服藥有苯海拉明，非那更，塞庚啶等。中藥治療濕疹也有一定的效果，可選擇紫草煎湯外洗。	1
本人全身劇癢，吃了很多藥，打針，都沒用，之前也有過，不知怎麼好了，又復發。這次更嚴重，吃以前的藥，都不見有用，有什麼藥物，可用，謝謝告之。 你所說的癥狀，可能是皮膚瘙癢癥，導致全身瘙癢，反反複複，遷延不愈。建議吃防風通聖丸，息斯敏，維生素C和大補陰丸治療。平時忌辛辣，保持心情愉快，多吃新鮮水果，保持肌膚濡潤。	1
本人全身劇癢，吃了很多藥，打針，都沒用，之前也有過，不知怎麼好了，又復發。這次更嚴重，吃以前的藥，都不見有用，有什麼藥物，可用，謝謝告之。 如果伴隨有皮疹，外形不規則，可能還有呼吸不暢，怕冷等癥狀，可能屬於蕁麻疹癥狀如有以上癥狀，建議不要搔抓，以免加重皮疹，必要時可服用抗過敏藥物，暫時不要吃魚蝦、蔥、香菜等	1
我母親嚴重貧血主要有面板髮黃經常暈倒不想吃飯天天想睡覺有時身體發熱不是發燒的那種熱請問醫生是怎麼回事心裡輸過血也有過好轉 考慮是貧血，貧血的表現導致貧血的原因與出血有關也於營養單一有關與其他的沒有關系，血紅蛋白降低就是貧血。如果你產前不貧血而是貧血，應該是分娩時出血較多引起的。貧血建議多吃菠菜、動物的肝臟、瘦肉、蛋黃、大棗、枸杞等，藥物有補貼補血口服液、硫酸亞鐵口服液等。	1
我母親嚴重貧血主要有面板髮黃經常暈倒不想吃飯天天想睡覺有時身體發熱不是發燒的那種熱請問醫生是怎麼回事心裡輸過血也有過好轉 貧血的情況，有的有頭暈無力，氣短，心悸面色無華的癥狀。建議補充鐵劑乳酸亞鐵，補血口服液，也可以吃保健品類的中藥制劑複方阿膠漿，這個在補血上都是很好的。平時飲食上註意多吃點含鐵的食物，比如大棗，動物肝，還有炒菜的時候用鐵鍋的話也會有比較好的補鐵效果。	1
"鼻子不通氣還胸悶還有點頭昏鼻子不通氣還胸悶還有點頭昏 這樣的話考慮呼吸道感染。服用藥物如布洛芬或泰諾，白加黑或者雙黃連口服液，治療就可以的，""平時應適當鍛煉身體，註意飲食和睡眠，同時補充些維生素C，要註意增減衣服，盡量不要去擁擠的公共場所"	1
鼻子不通氣還胸悶還有點頭昏鼻子不通氣還胸悶還有點頭昏 的話。建議口服頭孢克洛幹混懸劑和護彤治療平時，我們的鼻腔、口腔黏膜周圍，都附著各種各樣的細菌，如葡萄球菌、鏈球菌等，但身體有一定的抵抗力，	1
我白帶異常，有異味，白帶增多，色黃，呈水狀，前幾天還伴有瘙癢，我媽媽問過醫生，醫生說少吃涼的，注意乾淨，請問醫生，陰道炎是什麼，有什麼症狀？嚴重嗎？是癌症嗎/ 考慮是炎癥刺激造成的，可口服甲硝唑膠囊，同時使用紅核洗液來清洗。	1
如何判斷早產兒腦癱？我家的寶寶是個早產的嬰兒，最近發現他有點不是很對勁，他手腳總是動來動去的，好像很害怕的樣子，自己會翻身，但是有時候會自己笑起來，讓我們感覺很困惑，眼睛也不知道看哪裡，吃奶的時候還會嗆到。怎麼去判斷早產兒是否腦癱呢？我家寶寶有沒有啊？ 需要觀察孩子的各種情況有沒有異常姿勢有沒有異常哭鬧吸吮吞咽是不是有問題有沒有嗆咳體溫如何身體有沒有發黃等等。一個月以後孩子如果追視物品不太好註意力不能集中片刻對聲音沒反應身體較僵硬等情況及時去醫院。新生兒很容易嗆到，餵奶時食指和中指適當夾住乳頭。	1
飲食導致食管破裂怎麼辦 根據你目前的食道炎。如果幽門螺旋桿菌感染的話可以口服奧美拉唑+硫糖鋁或者（果膠鉍）+克拉黴素+甲硝唑片註意還有飲食，忌辛辣酒，清淡飲食三餐按時	1
雙腎結石引起腎積水，經常發熱繼發感染時體溫升高消化道症狀可有腹痛，腹脹，噁心，嘔吐，大量飲水後上述症狀加重 中醫學認為腎積水多因脾腎虧虛，水濕不運。或因砂石梗阻，影響水行。或濕熱灼陰，氣化不利，水道不暢。建議多飲白開水，合理補鈣，限量攝入糖類，少吃豆制品，睡前慎喝牛奶	1
"雙腎結石引起腎積水，經常發熱繼發感染時體溫升高消化道症狀可有腹痛，腹脹，噁心，嘔吐，大量飲水後上述症狀加重 建議你行""經皮腎鏡""手術治療盡快緩解腎積水，以免腎功能加重。如有不適，隨時就診，就診正規醫院，以免上當受騙。"	1
雙腎結石引起腎積水，經常發熱繼發感染時體溫升高消化道症狀可有腹痛，腹脹，噁心，嘔吐，大量飲水後上述症狀加重 中醫學認為腎積水多因脾腎虧虛，水濕不運。或因砂石梗阻，影響水行。或濕熱灼陰，氣化不利，水道不暢。建議多飲白開水，合理補鈣，限量攝入糖類，少吃豆制品，睡前慎喝牛奶	1
我手腳經常出汗，百度了一下說是侷限性多汗症。請問有什麼治療方法或者從飲食上改善嗎？有效便捷的治療方法 出汗是很正常的現象，因為汗腺較發達，生長發育旺盛有關系的。汗腺分泌由植物神經（迷走神經）控制，睡著後，迷走神經興奮導致出汗多，一般以頭、面部出汗為多，但是過後一兩個小時內就會緩解。這個是不需要治療的。	1
全部症狀：近一個月發現，胸悶，氣短、咳嗽、低燒治療情況 這樣的情況表明癌腫已經侵犯到胸膜，可以說是後期的表現	1
腦供血不足的症狀是什麼？怎麼緩解？ 腦供血不足的疾病，往往是可以引起頭暈、頭痛等各種癥狀的。此種情況可以采用尼莫地平的。另外是可以配合中藥、	1
腦供血不足的症狀是什麼？怎麼緩解？ 建議，可以首先做頭，頸部多普勒檢查。來判斷是否有血管的狹窄。可以服用阿司匹林和抗凝藥物治療。希望對你有幫助。	1
腦供血不足的症狀是什麼？怎麼緩解？ 腦供血不足是指各種原因導致大腦出現慢性的廣泛的供血不足，引發腦部缺血缺氧而出現一系列腦部功能障礙臨床表現的疾病。而腦供血不足臨床表現為以下幾點：1）運動神經功能失靈這一類先兆征象最常見。由於腦供血不足使掌管人體運動功能的神經失靈，常見的表現如突然嘴歪，流口涎，說話困難，吐字不清，失語或語不達意，吞咽困難，一側肢體無力或活動不靈，持物跌落，走路不穩或突然跌跤，有的出現肢體痙攣或跳動2）感覺功能障礙由於腦供血不足而影響到腦部的分析區域，感覺器以及感覺神經纖維，常表現為面麻、舌麻、唇麻以及	1
腦供血不足的症狀是什麼？怎麼緩解？ ①頭暈，特別是突感到眩暈。②肢體麻木，突然感到一側臉部或手腳麻木，有的為舌麻、唇麻。③暫時的吐字不清或講話不靈。④肢無力或活動不靈。⑤與平日不同的頭痛。⑥突然原因不明的跌交或暈倒。⑦短暫的意識喪失或個性和智力的突然變化。⑧全身明顯乏力，肢體軟弱無力。⑨惡心嘔吐或血壓波動。1。窗戶中午打開換氣2。中午休息到外面樹下或草坪吃午餐並溜搭20分鐘再回辦公室小睡一會3。長時間做腹式深呼吸4。早上/下午上班下列位置擦抹琥珀能量精油（廈門友人稱臺灣	1
腦供血不足的症狀是什麼？怎麼緩解？ 腦供血不足是指人腦某一局部的血液供應不足面引起腦功能的障礙。腦供血不足的病因與腦動脈硬化有關。治療：1首先去除危險因素，如治療高血壓、戒煙、禁止過度飲酒。2抗血小板藥物：抗血小板藥物可以有效地阻止血小板凝聚成塊，對血液循環有好處，有利於腦部的血液供應。3抗凝血藥物：抗凝血藥物和抗血小板藥物的作用相同，都可以使血液暢通，增加腦部血液供應，降低腦缺血的發作。4、改善循環藥物及營養腦細胞治療。	1
腦供血不足的症狀是什麼？怎麼緩解？ 腦供血不足可以出現頭暈、身體無力、嗜睡、身體出現麻木、眼花眼黑等癥狀，以使用西比靈和腦心通口服，因為腦動脈硬化和腦血管痙攣所致，治療的話主要是擴血管改善微循環治療，希望我的回答能幫助到你	1
腦供血不足的症狀是什麼？怎麼緩解？ 根據你的情況考慮腦供血不足主要的癥狀是頭暈特別是突感到眩暈，肢體麻木突然感到一側臉部或手腳麻木，有的表現為舌頭麻、嘴唇麻短時間吐字不清或講話不靈肢體無力或活動不靈活建議你多喝水多吃些新鮮的蔬菜不要吃辣的的刺激性的食物戒煙戒酒配合步長腦心通膠囊試試必要時到醫院複查CT和多普勒	1
腦供血不足的症狀是什麼？怎麼緩解？ 腦供血不足是指人腦某一局部的血液供應不足面引起腦功能的障礙。腦供血不足的病因與腦動脈硬化有關。癥狀有：（1）頭暈，特別是突然感到眩暈。（2）肢體麻木，突然感到一側臉部或手腳麻木，有的為舌麻、唇麻。（3）暫時的吐字不清或講話不靈。（4）肢無力或活動不靈。（5）與平日不同的頭痛。（6）突然原因不明的跌交或暈倒。（7）短暫的意識喪失或個性和智力的突然變化。（8）全身明顯乏力，肢體軟弱無力。（9）惡心嘔吐或血壓波動。（10）整天昏	1
腦供血不足的症狀是什麼？怎麼緩解？ 腦供血不足是指人腦某一局部的血液供應不足面引起腦功能的障礙。腦供血不足的病因與腦動脈硬化有關。由於腦供血不足使掌管人體運動功能的神經失靈，常見的表現如突然嘴歪，流口涎，說話困難，吐字不清，失語或語不達意，吞咽困難，一側肢體無力或活動不靈，持物跌落，走路不穩或突然跌跤，有的出現肢體痙攣或跳動。其實最開始一般是頭暈嘍，這個拍個顱腦的tcd看看大腦血供就可以了。也不是很貴。	1
腦供血不足的症狀是什麼？怎麼緩解？ 腦供血不足一般會導致頭痛、眩暈、耳鳴和嘔吐等癥狀建議平時要註意休息，清淡飲食，不要吃油膩和辛辣食物，先服藥治療，比如服用大活絡丸和氟桂利嗪、倍他司丁治療，不行的話最好到醫院進行輸川芎嗪和複方丹參針劑治療	1
腦供血不足的症狀是什麼？怎麼緩解？ 經常頭暈頭痛腦供血原因很多比如低血壓要找出原因才可以吃藥	1
腦供血不足的症狀是什麼？怎麼緩解？ 腦供血不足是指人腦某一局部的血液供應不足面引起腦功能的障礙。癥狀：突然嘴歪，流口涎，說話困難，吞咽困難，一側肢體無力或活動不靈，走路不穩或突然跌跤，面麻、舌麻，昏昏沈沈地。首先去除危險因素，抗血小板藥物，抗凝血藥物，手術治療	1
腦供血不足的症狀是什麼？怎麼緩解？ 腦供血不足最常見椎基底動脈供血不足，如果是頸椎間盤突出引起的，那會出現頭暈，眼花，耳鳴，雙上肢麻木，伴惡心，嘔吐，上述癥狀不一定會同時出現，可以行頸椎間盤MRI或CT確診。	1
腦供血不足的症狀是什麼？怎麼緩解？ 其常見癥狀可有突然嘴歪，流口涎，說話困難，吐字不清，失語或語不達意，吞咽困難，一側肢體無力或活動不靈，持物跌落，走路不穩或突然跌跤，有的出現肢體痙攣或跳動等。	1
我做完包皮手術已經40天了，傷口已癒合，但是還有水腫，前幾天洗過澡，這幾天感覺很不舒服，是不是之前的龜頭炎還沒好，現在還會尿不盡。這事已經快一年了。希望醫生幫幫我。 你說的這種情況最好穿緊一點的內褲，讓龜頭朝上，尿不盡說明存在尿路感染建議到泌尿外科複查，暫時不要同房，清淡飲食，可以繼續吃點消炎藥	1
手部無力是不是肌肉萎縮的前兆呢？肌肉萎縮有哪些症狀呢？ 這個不一定是肌肉萎縮的情況的建議到大中型正規醫院去做系統檢測在確診後方能治療	1
28周雙胞胎先兆早產住院保胎，目前到了29周，宮頸管24周檢查是3釐米，28周變成2釐米，宮內程v型，每天晚上宮縮半小時左右一次 朋友根據你的描述需要積極住院保胎治療為好，增加營養，一定要臥床休息	1
八個半月寶寶打完麻風和流腦疫苗八天有點發燒是什麼原因？ 你的寶寶有可能是疫苗引起的發燒。看看寶寶還有沒有什麽其他的癥狀，如果沒有，一般是對癥治療就可以的。	1
我的寶寶這兩天到晚上的時候，嘴裡有一種酸臭味，這是怎麼回事？ 寶寶口中酸臭味可能是消化不良，與餵養不當、受涼等有關，建議你給寶寶合理餵養，多餵水，適當口服媽咪愛和乳酶生，促進消化。建議你給寶寶適當減少餵養的次數和量，多喝水，適當口服媽咪愛和乳酶生，適當按摩腹部，促進腸蠕動。	1
懷孕六個月半，在定期檢查時彩超照出胎兒左心室有強光斑，左心室探及強回聲2mm，以前檢查都正常，請問這對孩子有影響嗎？是心臟疾病嗎，這是什麼因素引起的？好擔心 超聲檢查發現心室強光斑是孕期超聲檢查中常見的，不屬於病理情況，只要胎兒心臟結構無異常，沒有異常血流信號就可以，強光斑有可能逐漸消失。一般以後複查時，會消失。如果還有，可以作一次3維的胎兒心臟彩超。	1
懷孕六個月半，在定期檢查時彩超照出胎兒左心室有強光斑，左心室探及強回聲2mm，以前檢查都正常，請問這對孩子有影響嗎？是心臟疾病嗎，這是什麼因素引起的？好擔心 像你說的情況有好多的胎兒在做B超的時候都有這種現象，但出生後沒有發現任何的疾病，可能是一種正常的組織結構。不夠診斷心臟病的標準。建議嚴密的觀察，必要的時候，到條件好的醫院再複查一下。	1
頭部左側太陽穴稍上點總是疼，有些發緊脈絡不通的痠痛感，睡覺左側著枕頭就有壓迫感，左側鼻子經常不通氣，眼睛也有點疼，左眼度數比右眼大一倍，這種症狀已經有10年了，請問是怎麼回事啊。腦部和鼻子都做過CT，鼻子有點蝶竇炎，頭部CT沒發現什麼，就是要求注意休息，不要生悶死，忌菸酒辛辣。 那麽你的情況鼻竇炎也不重，不會導致你那麽嚴重的臨床癥狀的，那麽還是與你休息及壓力或情緒波動等長期存在引起的血管痙攣性疼痛導致。戒煙戒酒，多飲水，註意休息，多吃瓜果蔬菜補充維生素，良好起居作息，禁忌辛辣煎炒，清淡飲食，適量運動，增強免疫力。試著去改變自己的心態好吧。	1
左小腿及左側臀部疼痛，晚上較重 骨質增生，又稱骨刺。一般是可吃些骨刺消痛液或骨仙片來治療的。	1
全部症狀：前天吃了炸魚昨天就感到咽口水耳朵疼，今天更疼，而且感覺左耳孔裡有點癢癢的發病時間及原因：昨天治療情況：吃過穿心蓮片 可能是上火，感冒，炎癥等，建議檢查確診。也可以服黃連上清片，牛黃解毒片，雙黃連口服液或板藍根顆粒也治療，結合當地醫生。	1
人流後來月經經量少，人流後第一次月經量特別多，第二次第三次少，比正常時少很多，第三次可能受涼，小腹疼，會是宮腔粘連麼 引起月經量少的原因很多，如內分泌紊亂，婦科炎癥，精神環境的改變，貧血等。另外可能是子宮內膜本身的原因，如子宮內膜結核引起內膜病變或人工流產，刮宮引起子宮內膜薄等。長時間的月經量少可能引起閉經或不孕等情況，引起月經量少的原因很多，如內分泌紊亂，婦科炎癥，精神環境的改變，貧血等。另外可能是子宮內膜本身的原因，如子宮內膜結核引起內膜病變或人工流產，刮宮引起子宮內膜薄等。長時間的月經量少可能引起閉經或不孕等情況，建議你及時到醫院檢查，明確病因後積極對癥治療，以免影響身體健康	1
人流後來月經經量少，人流後第一次月經量特別多，第二次第三次少，比正常時少很多，第三次可能受涼，小腹疼，會是宮腔粘連麼 首先要看是什麽原因引起的月經量少，引起月經量少的原因有很多，如婦科炎癥，內分泌紊亂，精神工作壓力大，貧血等。其次，可能是子宮內膜本身的原因建議你及時到醫院檢查性激素六項及B超，明確病因後積極對癥治療，以免影響身體健康。日常生活中要註意保暖，少吃辛辣刺激性食物	1
無優質卵泡卵泡監測和內分泌檢查啊無優質卵泡，我內分泌是正常的 考慮是卵泡發育情況你的情況，沒有優質卵泡的話，建議應用藥物進行治療，可以應用雌激素和絨促性素、	1
無優質卵泡卵泡監測和內分泌檢查啊無優質卵泡，我內分泌是正常的 如果你沒有優質的卵泡的話，那麽你懷孕生子的可能性就比有優質卵泡的人要差一些其他的都正常的話，如果你不是很反感中醫，建議找一個好的中醫大夫，用中藥幫你調調，中藥在這方面還是比較有優勢的，然後規律的飲食，良好的作息時間以及適量的運動	1
一開始寶寶每天起床時有眼屎連續兩天，後兩天下眼皮有紅腫現象，但不嚴重。最近兩天紅腫顯現又厲害了一些4號就醫說是霰粒腫，5號託百士眼藥水，和眼膏都在用。5號開始溫開水熱敷。寶寶剛14個月，還太小，不想手術。請問各位大夫怎麼辦？謝謝1 霰粒腫就是瞼板腺阻塞導致的，一般開始可以通過滴眼藥水治療，佐以熱敷，大部分人可以治愈，但是仍有一部分人不能緩解，則需要手術治療。你可以先堅持滴抗生素滴眼液治療，佐以熱敷，如果仍舊效果不明顯，考慮手術治療。	1
一開始寶寶每天起床時有眼屎連續兩天，後兩天下眼皮有紅腫現象，但不嚴重。最近兩天紅腫顯現又厲害了一些4號就醫說是霰粒腫，5號託百士眼藥水，和眼膏都在用。5號開始溫開水熱敷。寶寶剛14個月，還太小，不想手術。請問各位大夫怎麼辦？謝謝1 那麽有受涼感冒或上火、或是你休息不好、或吃辛辣煎炒食物、經常性揉搓眼睛、急性感染等引起了局部的腺口阻塞炎癥包裹導致。這個疾病主要是個人眼部衛生欠佳，毛囊受阻後形成局部的病竈，建議個人眼部衛生，眼藥水緩解疲勞，紅黴素眼膏消炎或是洛美沙星加激素進行抗炎等。局部熱敷，是急性的發展，那麽先抗炎，不手術先好吧	1
懷孕時，屁股抽筋是為什麼？ 應該是屬於缺鈣導致的抽筋癥狀，可以服用迪巧鈣或者蓋天力片，另外熱敷或者服用地巴唑片有幫助，需要對癥治療，加強鈣質的攝入如牛奶鈣片及維生素AD膠丸	1
主要症狀:慢支發病時間:30年前化驗檢查結果:無多次用藥效果不佳 慢性支氣管炎病人飲食的基本原則是要保證足夠的水分攝入，選擇高蛋白、高維生素、清淡易消化食物。要足夠的維生素，特別是維生素A和維生素C。要多喝水，使痰液稀釋易排出。不要進食奶制品，防止使痰液黏稠而難以排出，加重感染。不要吃過冷、過熱或生硬的食物。不要飲用咖啡、茶和可口可樂等飲料，避免引起胃腸道不適。	1
主要症狀:慢支發病時間:30年前化驗檢查結果:無多次用藥效果不佳 是激素他是曲安奈德的別名建議在醫生指導下用藥別隨便相信廣告並且激素藥慎用。下面是一點資料僅供參考類別）腎上腺皮質激素類藥。（貯藏）遮光密閉保存。（制劑）典安奈德註射液藥品類別：腎上腺皮質激素類藥藥理藥動作用與去炎松相似其抗炎和抗過敏作用較強且遠較持久。肌註後在數小時內生效經1～2日達最大效應作用可維持2～3周。適應癥適用於各種皮膚病（如神經性皮炎濕疹牛皮癬等）關節痛支氣管哮喘肩周圍炎腱鞘炎急性扭傷慢腰腿痛及眼科炎癥等。用法用量肌註每周一次20-100mg。皮下或關節腔內註射一般2。5-5mg	1
"主要症狀:慢支發病時間:30年前化驗檢查結果:無多次用藥效果不佳 德國""頓克""治療氣管炎哮喘肺氣腫肺心病過敏性鼻炎只需一次註射即可達到半年至兩年不喘過敏性鼻炎1-2年不發不3-5次註射即可永遠消失無任何毒副作用。人生最大的痛苦就是不能正常的呼吸我院呼吸內科是使用德國""頓克""治療哮喘鼻炎多年的醫院經多年來的反複驗證證實德國頓克是氣管炎哮喘肺氣腫肺心病即過敏性鼻炎的救命藥。一年只需1-2次肌肉註射即可不咳不喘鼻炎不發病免去了服藥噴藥給胃腸造成的嚴重副作用出現了激素臉多花錢不治病的煩惱。德國""頓克""的藥理作用主要是：抗過敏消炎增強患者本身的免疫機能使眾多上氣不接"	1
主要症狀:慢支發病時間:30年前化驗檢查結果:無多次用藥效果不佳 頓克的藥物成分是曲安舒松也就是一般說的糖皮質激素它抗過敏抗炎抗水腫作用明顯它是高效長效的藥物有消炎止癢通氣作用副作用小對支氣管哮喘過敏性鼻炎等變態反應性疾病有很好的療效這種藥物一般只在比較大的醫院才能買得到。	1
怎麼樣自慰最爽，最健康給個辦法自慰 存在過頻的手淫的話時會影響到身體健康的，過度的手淫對於人的身體健康非常不利。你這個年齡是不要養成這個不好的習慣的	1
才懷孕一個多月，怎麼就沒胃口吃飯，想吐，頭暈，嗜睡，無力 早孕容易引起頭暈、惡心、乏力等癥狀，建議你營養飲食，合理搭配，多吃水果蔬菜。在懷孕初期補充葉酸，營養飲食，註意休息，你要保持心情舒暢，避免緊張焦慮。	1
才懷孕一個多月，怎麼就沒胃口吃飯，想吐，頭暈，嗜睡，無力 為懷孕後體內激素水平升高導致的早孕反應，不要擔心，一般孕3-4個月癥狀會逐漸消失。孕期要註意休息，放松心情，保證充足的睡眠，禁食辛辣刺激的食物，加強營養，少食多餐，多散散步，定期做孕檢。	1
才懷孕一個多月，怎麼就沒胃口吃飯，想吐，頭暈，嗜睡，無力 考慮是正常的孕期早孕反應，一般來說懷孕滿3個月後會逐漸好轉。如果癥狀不是特別嚴重的話建議多休息，註意飲食營養。	1
才懷孕一個多月，怎麼就沒胃口吃飯，想吐，頭暈，嗜睡，無力 的情況看懷孕一個多月的話有這種表現是正常的早孕反應不用擔心的，等到過來這段時間就會慢慢的恢複正常的，不用擔心的。建議註意休息就可以的，一般早孕反應是在懷孕三十五天左右出現的，現在有早孕反應是正常的不用擔心的，慢慢會恢複正常的。	1
"才懷孕一個多月，怎麼就沒胃口吃飯，想吐，頭暈，嗜睡，無力 約半數婦女在停經6周前後，出血頭暈、乏力、嗜睡、食欲不振、偏食、或惡心晨起嘔吐等現象。反應可能與體內HCG增多""胃酸分泌減少及胃排空時間延長有關，懷孕12周左右，癥狀自行消失。建議你保持心情舒暢，吃飯少食油膩食物，多吃清淡食品，多吃新鮮蔬菜水果，牛奶等，少吃多餐。"	1
大姨父身體一直很好的，這段時間卻聽說身體不舒服，他說骨闊大會疼痛，後面越來越嚴重還發炎了，我們趕緊叫他上醫院檢查竟然說得了骨髓炎。大家都替他擔心。請問骨髓炎一般有哪些明顯的症狀呀？ 可能是慢性骨髓炎，一般是由急性骨髓炎轉化而來，臨床特點是局部炎癥反複發作。竇道經久不愈或間斷發作。長期多次發作可引起骨骼扭曲畸形，增粗，皮膚色素沈著。因骨攣縮出現鄰近關節畸形。竇道口皮膚反複受到膿液刺激會癌變。早期診斷和治療是主要關鍵。全身支持治療及抗生素治療。有死骨形成，有死腔及竇道流膿者均應手術治療。	1
請問我懷孕七個月了痔瘡特別疼痛我用清涼油塗了一下就好多了這樣對胎兒有影響嗎？請問我懷孕七個月了痔瘡特別疼痛我用清涼油塗了兩次就好了這樣對胎兒有影響嗎？ 痔瘡特別疼痛，平時不要吃辣的，上火的，油膩的，不要久蹲廁所。現在在孕期也沒有辦法，等寶寶生了以後做個小手術就行了。	1
請問我懷孕七個月了痔瘡特別疼痛我用清涼油塗了一下就好多了這樣對胎兒有影響嗎？請問我懷孕七個月了痔瘡特別疼痛我用清涼油塗了兩次就好了這樣對胎兒有影響嗎？ 這個情況主要是藥物緩解治療，一般對胎兒是不影響多註意休息，加強營養，避免勞累，定期複查	1
兒童結腸炎丶吃什麼藥多維元素片和葡萄糖酸鋅顆粒吃什麼藥好了 腸炎一般會導致腹瀉、腹痛、食欲不振等的表現。治療上建議可以首先口服抗生素如阿莫西林或頭孢克肟，如果腹瀉厲害，建議再過半個小時後加用一次蒙脫石散，同時孩子治療期間註意飲食少量多次，並以清淡流質易消化為主，並註意增加孩子飲水量，但如果出現了明顯的消瘦表現，必須進行輸液的治療。	1
兒童結腸炎丶吃什麼藥多維元素片和葡萄糖酸鋅顆粒吃什麼藥好了 結腸炎的表現是腹瀉。其主要癥狀，排出膿血便、粘液血便或血便，常伴里急後重，有腹痛→便意→排便→緩解的特點。癥狀以腹瀉為主，排出含有血、膿和粘液的糞便，常伴有陣發性結腸痙攣性疼痛，並里急後重，排便後可獲緩解。小兒結腸炎一般可分為輕度、中度及重度三類。一、輕度小兒結腸炎：一天大便次數5～8次，有輕微發熱。	1
氣脹，月經時下腹部墜脹，已經兩年了，檢查有17mm的液性暗區 建議口服婦炎康試試，嚴重的建議輸液抗炎治療或中西結合治療。另外註意同房前夫婦雙方清洗外生殖器，而且動作一定不要太粗暴啊。避免經期、產後和人流後性生活啊。	1
氣脹，月經時下腹部墜脹，已經兩年了，檢查有17mm的液性暗區 已經兩年了，你應該趕緊治療以免造成其他疾病，建議你中藥調理。	1
20號剛來的大姨媽6天干淨了是26號幾號是安全期幾號是危險期？ 預期的下次月經來潮前的第14日作為排卵日，此日前5天到後4天這段時間作為易受孕日，在這段時間內應避免房事，這就是安全期避孕法。但是這種避孕方法並不是非常可靠，因為女性排卵日期會受情緒、環境等很多因素的影響而改變。	1
20號剛來的大姨媽6天干淨了是26號幾號是安全期幾號是危險期？ 對於月經規則的女性是，你計算出下次月經什麽時候來，下次月經的第一天倒減去14天。這一天就是排卵日。如該婦女月經周期為２８天，她的排卵日就應在月經周期的第１４天左右。如該婦女的月經周期為４０天，則她的排卵日就應在月經周期的第２６天左右（即下次月經前１４天左右）。排卵日的前4天後5天就是危險期（排卵期）。容易懷孕。除危險期之外的日期就是安全期。但是只是危險性小，仍然有懷孕的可能。	1
小腹刺痛腰痠乳頭痛是怎麼回事？最近一週多，乳房脹痛，乳頭也疼，不能碰，小腹有時針扎似的疼，腰痠，白帶很少，發黃，上次同房是6月6號，是懷孕了還是有婦科炎症啦。 病例分析:要是平時月經周期規律的話建議推後四天以上的時間化驗尿妊娠試驗排查懷孕的情況的	1
小腹刺痛腰痠乳頭痛是怎麼回事？最近一週多，乳房脹痛，乳頭也疼，不能碰，小腹有時針扎似的疼，腰痠，白帶很少，發黃，上次同房是6月6號，是懷孕了還是有婦科炎症啦。 朋友，根據你的提問，如果在排卵期有性生活沒有避孕措施考慮有懷孕的可能，建議月經推遲一周做早孕試紙或hcg檢查明確是否懷孕的情況	1
懷孕四個半月了。最近幾天陰道總有黑色液體流出來，是什麼原因。需要就醫麼懷孕四個半月了。最近幾天陰道總有黑色液體流出來，是什麼原因。需要就醫麼 有先兆流產的可能，主要表現為懷孕後，陰道有少量出血，根據流血量和積聚在陰道內的時間的不同，顏色可為鮮紅色、粉紅色或深褐色，有時伴有輕微下腹痛，胎動有下墜感、腰酸腹脹。建議必須做B超看子宮孕囊的情況，要查孕酮的值，如果比較低就得用藥保胎治療，避免影響胎兒。	1
懷孕四個半月了。最近幾天陰道總有黑色液體流出來，是什麼原因。需要就醫麼懷孕四個半月了。最近幾天陰道總有黑色液體流出來，是什麼原因。需要就醫麼 考慮是先兆流產的癥狀，需要保胎治療，最常見的原因是黃體功能不足導致的。保胎主要藥物是黃體酮和維生素E，需要臥床休息，如果經過休息和治療後，出血停止，胚胎正常，妊娠可以繼續。	1
全部症狀：頭暈。乏力。發病時間及原因：7天前。感到全身沒有力氣治療情況：沒治也沒吃藥 缺鐵性貧血以補鐵為主，建議你多吃動物肝臟，魷魚，海蟄等，可以口服鐵劑：硫酸亞鐵：0。3～0。6，每天3次，每片300mg（含元素鐵60mg）。硫酸亞鐵控釋片（福乃得）：1片，每天1次，每片525mg（含元素105mg）。富馬酸亞鐵：1～2片，每天3次，每片200mg（含元素鐵70mg）。希望我的回答對你有所幫助	1
全部症狀：頭暈。乏力。發病時間及原因：7天前。感到全身沒有力氣治療情況：沒治也沒吃藥 朋友，這種情況可以口服補鐵的藥物治療試試，一定要堅持按時用藥，多休息，註意增加營養和複查，必要時，可以考慮輸血治療	1
全部症狀：頭暈。乏力。發病時間及原因：7天前。感到全身沒有力氣治療情況：沒治也沒吃藥 懷疑缺鐵．有點貧血，應查血色素。如果血色素低於110克，可確定是貧血，需要治療，可繼續服用乳酸亞鐵。除用鐵劑外，還應通過食補，多吃紅色瘦肉、動物肝臟類含鐵豐富的食物。現在除了服伊可新和鐵劑外，應逐漸增加輔食的品種和量，不需要加其他的藥物。	1
全部症狀：頭暈。乏力。發病時間及原因：7天前。感到全身沒有力氣治療情況：沒治也沒吃藥 這情況可服用益生源亞鐵葉酸片來治療，最重要的是不要偏食，飲食盡可能廣泛多樣化，多吃高蛋白優質蛋白食物多吃蔬菜水果比較好	1
醫生：我有六個多月的小孩今天有點發高燒38。7度該怎麼辦？小孩一般正常溫度是多少 一般可以服用護彤+阿莫西林顆粒來治療，適當多飲水，也建議物理降溫，就是用25%-50%酒精擦浴的物理降溫方法，或冷敷，在額頭、手豌、小腿上各放一濕冷毛巾，其他部位應以衣物蓋住	1
24小時心臟檢測結果：室早2個，房早一個，最快心跳142，最慢44。1。竇性心律不齊2。偶發房性過早搏動。3。偶發室性早搏動。4。竇性心動過速多見於白天。5竇性心動過緩多見於夜間。6。有時T波改變停藥兩年左右，吃了4年左右藥我該吃藥嗎？要吃點啥藥 病例分析:從動態心電圖看是心律不齊。	1
24小時心臟檢測結果：室早2個，房早一個，最快心跳142，最慢44。1。竇性心律不齊2。偶發房性過早搏動。3。偶發室性早搏動。4。竇性心動過速多見於白天。5竇性心動過緩多見於夜間。6。有時T波改變停藥兩年左右，吃了4年左右藥我該吃藥嗎？要吃點啥藥 從動態心電圖看是心律不齊。:如果心臟彩超正常，建議試試口服阿替洛爾25毫克，每天早上一片。多塞平25毫克，每天晚上一片。	1
小腿部起紅點癢是啥原因 朋友，這種情況有可能是濕疹，也有可能是真菌感染引起的，最好是去皮膚科檢查一下，確診後再治療，以免耽誤病情	1
小腿部起紅點癢是啥原因 有可能是過敏導致的，可以口服氯雷他定+維生素C+葡萄糖酸鈣+地塞米松片，治療期間不要吃辛辣油膩	1
小腿部起紅點癢是啥原因 朋友，這屬於皮膚過敏導致的啊，建議你可以采取服用強的松，每天清晨一次4片，每3天減一片直至停藥，配合抗過敏藥如西替利嗪或氯雷他定，通常需要半個月，忌辛辣，魚蝦，牛羊肉	1
小腿部起紅點癢是啥原因 這可能與過敏有關的，可以用一些抗過敏藥物進行治療，並註意查找一下過敏源。避免接觸這些過敏物質。	1
左跟骨粉碎性骨折是否需要手術是的在高碑店拍的片子說是跟骨粉碎性骨折關節處有塌陷讓做手術墊上個鋼板本地醫生說手術做不好會留下創傷性關節炎的毛病請問醫生我該怎麼辦 以及目前的情況，主要是根骨骨折，其他的沒有什麽不適的，建議你最好是手術治療，術後註意護理一般是不會形成創傷性關節炎的	1
左跟骨粉碎性骨折是否需要手術是的在高碑店拍的片子說是跟骨粉碎性骨折關節處有塌陷讓做手術墊上個鋼板本地醫生說手術做不好會留下創傷性關節炎的毛病請問醫生我該怎麼辦 結合你所描述的骨折部位及所提的問題。從你所描述的情況因為關節面部位有塌陷的情況。所以治療是要通過手術治療的。也就是通過手術治療恢複關節面。不這樣治療的話創傷性關節的的癥狀更重。針對你所提的問題。因為現在關節面部位已經塌陷了。所以要通過治療恢複的。保守治療考慮是不能恢複的。因為跟骨是松質骨壓縮後要撐開的。治療恢複期間飲食方面多吃點牛奶、骨頭湯等鈣高的食物。	1
我家女兒14歲最近一段時間經常放學回不到家就尿褲子請問專家是怎麼回事該怎麼治療？謝謝 這位朋友情況考慮是尿路感染了，建議你在臨床醫生的指導下用環丙沙星膠囊來治療，歡迎你繼續提問生活調理	1
我家女兒14歲最近一段時間經常放學回不到家就尿褲子請問專家是怎麼回事該怎麼治療？謝謝 尿路感染可能大。你這個情況建議你盡快查尿常規明確。一定要多喝水，少吃辛辣食物及酒。口服阿奇黴素或靜脈滴註菌必治試試。	1
我家女兒14歲最近一段時間經常放學回不到家就尿褲子請問專家是怎麼回事該怎麼治療？謝謝 有可能是泌尿系感染引起的最好是檢查一下小便常規，確診後再治療，祝你健康。生活調理：多喝水。	1
我家女兒14歲最近一段時間經常放學回不到家就尿褲子請問專家是怎麼回事該怎麼治療？謝謝 出現了這樣的情況應該就是尿路感染的問題這樣的情況應該去醫院做一個常規的尿樣的檢查看看具體是什麽樣的原因導致的，然後及時的接受治療這樣的情況就會得到很好的控制的。	1
我家女兒14歲最近一段時間經常放學回不到家就尿褲子請問專家是怎麼回事該怎麼治療？謝謝 考慮泌尿系統感染引起的尿急。可以化驗尿常規確定。	1
老公在吃降血糖的藥，我懷孕了孩子能要嗎？不知道怎麼辦 你所描述的這些情況從優生優育的角度講對胎兒都是不利的，但是也不是說肯定會導致導致胎兒畸形。建議保留胎兒，定期孕期檢查。發現問題及時終止	1
老公在吃降血糖的藥，我懷孕了孩子能要嗎？不知道怎麼辦 一般的降糖藥對生育影響不大。建議必要男女雙方需要生殖檢查，查看情況再決定生育會更好。	1
主要症狀:抽搐突然暈厥呼吸急促發病時間:一星期前化驗檢查結果:胰島素正常貧血因貧血呼吸困難曾入院治療治療好一度好轉 貧血不是一種獨立的疾病而是指單位容積循環血液中的紅細胞比積紅細胞數及/或血紅蛋白量低於正常值以及全血容量減少並由此而引發的綜合癥狀的總稱。各種動物均常發生。貧血的分類方法比較使用的是按引起貧血的原因將貧血分為失血性貧血溶血性貧血營養性貧血及再生障礙性貧血四種類型。根治本病的關鍵是去除病因。治療本病的特效藥是鐵劑。鐵劑多采用口服如硫酸亞鐵（含元素鐵20％）。有嚴重胃腸反應或吸收不良者給予右旋糖酐鐵肌內註射其療效與口服同。嚴重貧血血紅蛋白低於70g／L者可多次少量輸註濃縮紅細胞以盡快糾貧血癥狀。	1
主要症狀:抽搐突然暈厥呼吸急促發病時間:一星期前化驗檢查結果:胰島素正常貧血因貧血呼吸困難曾入院治療治療好一度好轉 你的抽搐突然暈厥呼吸急促實際還是由於貧血所致貧血主要是血紅蛋白和紅細胞減少而血紅蛋白在人體中最重要的功能就是承載物質代謝和呼吸代謝人體吸入氧氣呼出二氧化碳都需要血紅蛋白作為載體來完成血紅蛋白過少就會引起人體缺氧導致呼吸急促乃至突然暈厥對於年輕女性不明原因的貧血建議必須檢查血象和骨髓象明確是什麽類型的貧血同時最好檢查鐵蛋白和總鐵結合力因為大部分的貧血多是缺鐵性貧血如果她有慢性失血如月經過多等高度懷疑缺鐵性貧血需適當長期補充鐵劑。	1
主要症狀:抽搐突然暈厥呼吸急促發病時間:一星期前化驗檢查結果:胰島素正常貧血因貧血呼吸困難曾入院治療治療好一度好轉 請問患者當初抽搐時情況如何有無什麽事情誘因刺激如情緒激動勞累發熱抽搐發作時是否有四肢屈曲肌肉強直及雙眼上翻口吐白沫大秀失禁等暈厥前後是否知道發生了什麽有無遺忘或神誌完全喪失平時性格如何確診貧血的驗單還在嗎請告訴我們血紅蛋白濃度是多少根據你所說的情況年輕人抽搐暈厥查因需考慮以下幾個方面1有明確誘因的如高熱考慮熱致四肢抽搐這個主要看幼時有無熱驚厥如果有情緒刺激需詢問有無肢體無力需考慮有無顱內蹭特別是血管畸形及異常占位等可根據自身經濟情況最好完善頭顱磁共振檢查。2心血管方面完善心臟彩超明確有無心臟	1
懷孕之前拉直頭髮對胎兒有什麼影響嗎 燙染頭發的藥水含有化學成分，對可能造成胎兒的畸形。建議懷孕半年前不要染頭發，如果已經染了，那麽做好糖篩以及四維檢查，胎兒指標正常即可。	1
用白醋洗臉可以長期使用嗎？那連續用一個月然後再停半個月再用，如此反覆用法行嗎？ 這是可以長期使用的，連續用一個月然後再停半個月再用，如此反複用法是可以的	1
患者資訊：女14歲四川廣安現年14歲，面板上有紅斑點，逐漸增多，醫生診斷為過敏性紫癜，在南充川北醫學院附院住院2周，出院後2天，面板上又出現上述症狀。請問哪位好心的醫生能幫幫忙，這是我的一名學生，現就讀初三，我和她家長，包括她自己都不想因此耽擱學習。再次懇請各位好心的醫生幫幫忙。急。急。急。 。[治療原則]1。設法除去致敏因素。2。單純者可用複方路丁，鈣劑，維生素C，抗組治胺制劑。3。發熱及關節炎可用皮質類固醇激素，但不能阻止腎臟侵犯，對頑固的慢性腎炎者可加免抑制劑。4。中醫療法:根據本病的臨床癥狀辯證論治。建議你先到正規的醫院診斷，再根據醫生的指導進行治療，切勿自行用藥。	1
患者資訊：女14歲四川廣安現年14歲，面板上有紅斑點，逐漸增多，醫生診斷為過敏性紫癜，在南充川北醫學院附院住院2周，出院後2天，面板上又出現上述症狀。請問哪位好心的醫生能幫幫忙，這是我的一名學生，現就讀初三，我和她家長，包括她自己都不想因此耽擱學習。再次懇請各位好心的醫生幫幫忙。急。急。急。 紫癜，排除致病因素，控制感染，補充維生素，糖皮質激素和免疫抑制劑，抗凝治療等。本病預後良好，療程一般1-2周。	1
患者資訊：女14歲四川廣安現年14歲，面板上有紅斑點，逐漸增多，醫生診斷為過敏性紫癜，在南充川北醫學院附院住院2周，出院後2天，面板上又出現上述症狀。請問哪位好心的醫生能幫幫忙，這是我的一名學生，現就讀初三，我和她家長，包括她自己都不想因此耽擱學習。再次懇請各位好心的醫生幫幫忙。急。急。急。 過敏性紫癜是侵犯皮膚或其他器的毛細血管及小動脈的一種過敏性血管炎，這設法除去致敏因素。單純者可用複方路丁、鈣劑、維生素C、抗組治胺制劑。	1
患者資訊：女14歲四川廣安現年14歲，面板上有紅斑點，逐漸增多，醫生診斷為過敏性紫癜，在南充川北醫學院附院住院2周，出院後2天，面板上又出現上述症狀。請問哪位好心的醫生能幫幫忙，這是我的一名學生，現就讀初三，我和她家長，包括她自己都不想因此耽擱學習。再次懇請各位好心的醫生幫幫忙。急。急。急。 紫癜是以皮膚黏膜出現紫斑為主要表現的血證。一般是由血管系統病變引起同時大多數與感染有關。建議你可考慮嘗試做一下針灸，效果比較好，即針刺取足三里、曲池、合谷、血海等穴。	1
患者資訊：女14歲四川廣安現年14歲，面板上有紅斑點，逐漸增多，醫生診斷為過敏性紫癜，在南充川北醫學院附院住院2周，出院後2天，面板上又出現上述症狀。請問哪位好心的醫生能幫幫忙，這是我的一名學生，現就讀初三，我和她家長，包括她自己都不想因此耽擱學習。再次懇請各位好心的醫生幫幫忙。急。急。急。 是一種侵犯皮膚和其他器官細小動脈和毛細血管的過敏性血管炎，常伴腹痛、關節痛和腎損害，但血小板不減少。可能與鏈球菌感染、病毒感染、藥物、食物、蟲咬等有關，發生機制是由於免疫複合物沈積或IgE介導血管損傷	1
我的右腳外踝骨折一年多・平時有腳走路不敢用力・走路時間長了腳和小腿腫脹・三個月前拍片骨折處長好・為什麼腫脹不好 一般是由於結膜炎癥活幹炎癥引起的，可以到醫院檢查一下。	0
我的右腳外踝骨折一年多・平時有腳走路不敢用力・走路時間長了腳和小腿腫脹・三個月前拍片骨折處長好・為什麼腫脹不好 可能是由於腎陰虛導致的。可以去看中醫，根據辨證使用如六味地黃丸、知柏地黃丸、左歸丸等調理。	0
我的右腳外踝骨折一年多・平時有腳走路不敢用力・走路時間長了腳和小腿腫脹・三個月前拍片骨折處長好・為什麼腫脹不好 甲狀腺疾病最常見的就是甲亢，它是一種很常見的內分泌疾病，此類病是由於甲狀腺激素過多，作用於全身各個臟器而引起的多種多樣的不適癥狀。當然是需要的治療的，不治療會導致很多病的，比如精神神經障礙、焦慮、煩躁、精神變態、嗜睡，最後陷入昏迷。	0
我的右腳外踝骨折一年多・平時有腳走路不敢用力・走路時間長了腳和小腿腫脹・三個月前拍片骨折處長好・為什麼腫脹不好 111對於你說的這種情況一般是有陰道炎癥，1應註意個人衛生，勤換內褲，用過的內褲、盆、毛巾等應用開水燙洗，並在陽光下曬幹。2用堿性溶液加2%～4%碳酸氫鈉溶液沖洗外陰及陰道，然後用制黴菌素栓劑10萬～20萬單位塞入陰道內，每晚一次，10～14天為一療程。	0
我的右腳外踝骨折一年多・平時有腳走路不敢用力・走路時間長了腳和小腿腫脹・三個月前拍片骨折處長好・為什麼腫脹不好 痣瘡是人體直腸末端粘膜下和肛管皮膚下靜脈叢發生擴張和屈曲所形成的柔軟靜脈團。分為內痔、外痔、混合痔。癥狀嚴重者可引發肛腸疾病、便血、壞死等。引起痔瘡的高危因素是大便時有不良習慣比如蹲廁所喜歡看書看報，久站、久坐和長期便秘，妊娠，生活起居沒有規律。平時應註意食易於消化、質地較軟的食物。力求大便通暢，食用富含纖維素的食物，具有潤腸作用的食物。藥物註射，手術也是常用手段。若自行調理癥狀無緩解建議請專科醫生檢查，再做具體治療。	0
我的右腳外踝骨折一年多・平時有腳走路不敢用力・走路時間長了腳和小腿腫脹・三個月前拍片骨折處長好・為什麼腫脹不好 痔瘡的主要表現是便血，便時滴血或手紙上帶血，一般便秘、喝酒或吃刺激性食物後加重。建議你可以口服些消炎去火的藥物治療。平時註意不要吃辛辣有刺激性的食物，多吃些水果蔬菜等含維生素高的食物，多喝白開水。註意保持局部幹凈衛生，註意清洗局部	0
我的右腳外踝骨折一年多・平時有腳走路不敢用力・走路時間長了腳和小腿腫脹・三個月前拍片骨折處長好・為什麼腫脹不好 患有頸椎病是會出現局部的不適及疼痛，同時壓迫神經會出現一定的上肢的麻木，建議你要註意進行對癥的營養神經及局部的按摩治療。	0
我的右腳外踝骨折一年多・平時有腳走路不敢用力・走路時間長了腳和小腿腫脹・三個月前拍片骨折處長好・為什麼腫脹不好 可以試一試食療方法效果不錯的花生冰糖水：花生100-150克，冰糖及清水適量同煮糖水，煮至花生熟爛時食用。有潤肺補脾功效，適用於慢性支氣管炎，幹咳痰少，秋冬燥咳，小兒百日咳等癥。多喝水，保證室內通風換氣，保證空氣中的濕度。另外，當已經開始咳嗽，要吃一些營養豐富、易消化及可口的飲食，如牛奶、雞蛋羹、水果汁、肉湯等。在秋冬呼吸道疾病的高發季節里，盡量不去擁擠的公共場所，以減少發病幾率。	0
我的右腳外踝骨折一年多・平時有腳走路不敢用力・走路時間長了腳和小腿腫脹・三個月前拍片骨折處長好・為什麼腫脹不好 孕期前3個月內孕婦患水痘，宮內感染可致新生兒表現為先天畸形，皮膚結癡或患肢萎縮、腎上腺皮質萎縮及眼睛畸形建議要做好產檢，如果寶寶有發育異常，要考慮是否終止妊娠	0
我的右腳外踝骨折一年多・平時有腳走路不敢用力・走路時間長了腳和小腿腫脹・三個月前拍片骨折處長好・為什麼腫脹不好 骨質增生是目前無法用藥物根治的疾病之一。目前的治療方法還是比較多的，比如：紫外線療法，按摩針灸，直流電藥物離子導入法，手術和藥物治療等，建議這樣的情況，最好的方法就是針灸按摩加上中藥，另外，也可以多喝點牛奶來補點鈣。	0
我的右腳外踝骨折一年多・平時有腳走路不敢用力・走路時間長了腳和小腿腫脹・三個月前拍片骨折處長好・為什麼腫脹不好 汗管瘤又稱汗管囊瘤或汗管囊腫腺瘤。現已證明為一種向汗管分化的小汗腺腫瘤，以常染色體顯性遺傳方式遺傳。一般無需治療，也可試用電解或CO2激光。可使表皮脫落減輕癥狀。直觀下即可將病變祛除幹凈。一般一次就即可治愈。術後效果好。建議你到正規醫院眼科檢查一下。	0
我的右腳外踝骨折一年多・平時有腳走路不敢用力・走路時間長了腳和小腿腫脹・三個月前拍片骨折處長好・為什麼腫脹不好 一般情況下，理想的血壓為120/80mmHg，正常血壓為130/85mmHg以下，130－139/85－89mmHg為臨界高血壓，為正常高限。140―159/90―99mmHg為高血壓Ⅰ期，此時機體無任何器質性病變，只是單純高血壓。160―179/100―109mmHg為高血壓Ⅱ期，此時有左心室肥厚、心腦腎損害等器質性病變，但功能還在代償狀態。180/110mmHg以上為高血壓Ⅲ期，此時有腦出血、心力衰竭、腎功能衰竭等病變，已進入失代償期，隨時可能發生生命危險。	0
我的右腳外踝骨折一年多・平時有腳走路不敢用力・走路時間長了腳和小腿腫脹・三個月前拍片骨折處長好・為什麼腫脹不好 小兒腹脹是很常見的病癥，多是由於著涼或不註意飲食導致的，一般可考慮小兒推拿或針灸療法來治療，一般可選擇天樞、中脘、胃俞、條口等穴位	0
我的右腳外踝骨折一年多・平時有腳走路不敢用力・走路時間長了腳和小腿腫脹・三個月前拍片骨折處長好・為什麼腫脹不好 月經不調的危害主要有四點：1。導致疾病惡化，月經不調多為婦科疾病所致。2。影響美麗：皮膚會出現色斑、松弛、毛孔粗大、粗糙等不正常現象，因而，體內的毒素就排不出來，特別容易衰老，更年期的女性更容易出現失眠、多夢、煩躁易怒等癥狀。3。誘發不孕不育。4。引起貧血。如有經常月經不調或突然月經失調嚴重癥狀，建議還是到正規醫院檢查治療為好，醫院的話，還是建議去三甲醫院，考慮專家資質醫院技術設備。希望對你有所幫助	0
我的右腳外踝骨折一年多・平時有腳走路不敢用力・走路時間長了腳和小腿腫脹・三個月前拍片骨折處長好・為什麼腫脹不好 主要考慮是胃炎或是慢性咽炎的表現導致的早晨起床後總是感覺到惡心，喝點水或者是吃點東西就好點。現在註意休息和營養，最好不要吃辛辣的食物，根據你現在的情況最好保持良好的心態，建議最好去醫院做胃鏡檢查進行確診，明確病因對癥治療。	0
我的右腳外踝骨折一年多・平時有腳走路不敢用力・走路時間長了腳和小腿腫脹・三個月前拍片骨折處長好・為什麼腫脹不好 中醫認為椎間盤突出主要是由於腎氣虧損、筋脈不通、經絡瘀阻所致由於本病往往本虛而標實虛實夾雜癥候複雜一般藥物很難根治中醫中藥長期臨床實踐積累了許多非常獨到的奇方秘方建議你采用傳統中藥千年健、一口鐘、烏藥、青風藤、雞血藤、木瓜、杜仲、補骨脂、菟絲子、杞子、熟地、懷牛膝、狗脊、鎖陽等配合治療可以滋補肝腎、填精補髓、強筋壯骨、補氣養血、清利濕熱、通經活絡、行血散瘀、消腫定痛對椎間盤突出效果非常好可以徹底康複希望正確治療早日康複	0
我的右腳外踝骨折一年多・平時有腳走路不敢用力・走路時間長了腳和小腿腫脹・三個月前拍片骨折處長好・為什麼腫脹不好 對於你的癥狀，考慮是由於心臟功能減弱造成的，建議進行一個心臟彩超檢查	0
我的右腳外踝骨折一年多・平時有腳走路不敢用力・走路時間長了腳和小腿腫脹・三個月前拍片骨折處長好・為什麼腫脹不好 根據你說的四個月大了，要流產的話只能引產了。引產的話對於子宮損傷是要比較大。一般孕周越大，風險就越大，受到的損害就越大。建議你去正規婦科醫院檢查，根據檢查結果選擇適合自己的引產方法，以免延誤病情。要務必一次確認流盡，事後如做月子一樣進補和休息	0
"我的右腳外踝骨折一年多・平時有腳走路不敢用力・走路時間長了腳和小腿腫脹・三個月前拍片骨折處長好・為什麼腫脹不好 手腳多汗，醫學上稱做為""局限性多汗癥""，多發生在情緒波動幅度較大的青壯年身上。""局限性出汗癥""的治療，可在燙腳熱水中加入白礬適量，待白礬溶化水中後，在水溫適宜的情況下燙腳手15一20分鐘，每晚堅持一次。"	0
我的右腳外踝骨折一年多・平時有腳走路不敢用力・走路時間長了腳和小腿腫脹・三個月前拍片骨折處長好・為什麼腫脹不好 :應該是過敏了。建議:你口服氯雷他定，外用可以用乙氧苯柳胺藥膏。如果多次發生，建議檢查過敏源。然後進行脫敏治療。	0
我的右腳外踝骨折一年多・平時有腳走路不敢用力・走路時間長了腳和小腿腫脹・三個月前拍片骨折處長好・為什麼腫脹不好 通過你的訴說，這種情況的出現，可能是經前沒有好好休息，著涼，吃一些涼的刺激性食物等引起的，也不能排除感染的可能。建議你暫時不要同房，好好休息，註意個人衛生及保暖，勤換洗內褲等。	0
我的右腳外踝骨折一年多・平時有腳走路不敢用力・走路時間長了腳和小腿腫脹・三個月前拍片骨折處長好・為什麼腫脹不好 啊，甲亢突眼以眼瞼和眼外部改變為主，球後組織無明顯改變，主要因交感神經活動亢進，上眼瞼肌張力增高所致。治療甲亢突眼方法的選擇很重要，另外患者自己也要做好必要的護理措施。	0
我的右腳外踝骨折一年多・平時有腳走路不敢用力・走路時間長了腳和小腿腫脹・三個月前拍片骨折處長好・為什麼腫脹不好 包皮手術以後系帶部位遺留有水腫也算是正常的表現，因為系帶部位本身位置比較低垂，並且組織松軟，容易發生水腫。一般來說吧包皮手術後遺留水腫的問題，每個患者各不相同，有的可能要很久才能恢複，有的可能很快就恢複了，不過臨床上把握的標準是以半年為界的，如果超過半年的就要考慮做包皮整形了，如果小於半年的就是正常的。	0
我的右腳外踝骨折一年多・平時有腳走路不敢用力・走路時間長了腳和小腿腫脹・三個月前拍片骨折處長好・為什麼腫脹不好 引起早泄的原因還是很多的，一般情況下，與手淫過度，前列腺炎，龜頭過於敏感等大有關系的，一般情況下，建議合理的檢查，對癥治療還是很必要的，暫時可以試試早泄濕巾，避孕套等還是會緩解，合理保養，腎虛等配合複方玄駒膠囊試試，前列腺炎及時消炎	0
我的右腳外踝骨折一年多・平時有腳走路不敢用力・走路時間長了腳和小腿腫脹・三個月前拍片骨折處長好・為什麼腫脹不好 你的情況考慮是懷孕的情況你的情況一般情況考慮是這種情況進行增加營養是可以的，孩子比較小的情況	0
我的右腳外踝骨折一年多・平時有腳走路不敢用力・走路時間長了腳和小腿腫脹・三個月前拍片骨折處長好・為什麼腫脹不好 胎兒雙腎集合系統就是腎臟里通過尿液的大的通道類似於主幹道最終匯入輸尿管。現在B超提示集合系統分離說明腎臟里的尿液輕度的積水。原因有：生理性例如檢查前大量喝水了膀胱里的尿液憋的過分多等等。病理性通常是下端梗阻造成打個通俗的比喻如水鬥里積水了通常是由於下面下水道堵住了腎積水同理。原因有輸尿管結石腫瘤腹部腫瘤壓迫等。胎兒及新生兒腎積水的診斷病理演變與治療胎兒腎積水可以由後尿道瓣膜輸尿管囊腫膀胱輸尿管反流所致但最常見的為無輸尿管擴張的腎盂腎盞擴張以前腎積水的患兒大多出現臨床癥狀後就診進行手術治療。近	0
我的右腳外踝骨折一年多・平時有腳走路不敢用力・走路時間長了腳和小腿腫脹・三個月前拍片骨折處長好・為什麼腫脹不好 癲癇病的癥狀一般表現為。強直或手腳抽動，伴意識喪失，也可以表現為發呆。突然跌倒。不斷點頭。流口水。吞咽動作。吸吮動作。彎腰樣動作。甚至可以表現為頭痛。嘔吐等。建議去正規的癲癇病專業醫院檢查治療。千萬不要錯過了最佳的治療時間。	0
我的右腳外踝骨折一年多・平時有腳走路不敢用力・走路時間長了腳和小腿腫脹・三個月前拍片骨折處長好・為什麼腫脹不好 腰椎間盤突出癥一般都是由於腰部壓力過大，運動激烈等原因引起的，藥物治療效果不好，不能從根本解決問題。若癥狀較輕微則可做簡單的理療，如針灸、按摩、推拿等，若癥狀嚴重且疼痛持久則建議到當地相關醫院進行詳細的檢查，明確病情，好及時加以治療，休息洗漱，經過睡眠後，肌肉、韌帶、關節囊等軟組織都會變得僵硬。此時，如果馬上坐起，就會對腰椎間盤產生較大的壓力，成為腰椎間盤突出癥發作的誘發因素。為了避免在刷牙、洗臉時誘發腰椎間盤突出癥，首先，需要在起床後稍微活動下腰部，做做後伸、左右	0
我的右腳外踝骨折一年多・平時有腳走路不敢用力・走路時間長了腳和小腿腫脹・三個月前拍片骨折處長好・為什麼腫脹不好 包皮過長是指在在自然狀態下或勃起時包皮包住龜頭，包皮過長是指在在自然狀態下或勃起時包皮包住龜頭，但是龜頭可以人工翻露，勃起時包皮包住龜頭，人工無法使龜頭外露，是包莖，應該手術治療	0
我的右腳外踝骨折一年多・平時有腳走路不敢用力・走路時間長了腳和小腿腫脹・三個月前拍片骨折處長好・為什麼腫脹不好 小兒，吃不到奶，含不住乳頭，考慮是因為乳頭太大導致小兒含不住奶頭引起的。媽媽的情緒要放松，如果媽媽緊張、焦慮，寶寶會有所感應，從而也感到緊張，影響吃奶。如果在吃奶的時候，母子能保持平靜溫和的眼神交流，寶寶會更專註。	0
我的右腳外踝骨折一年多・平時有腳走路不敢用力・走路時間長了腳和小腿腫脹・三個月前拍片骨折處長好・為什麼腫脹不好 請問是射精呈紅色血液性狀嗎？如果是的話，可能是血精這種現象可能是由於前列腺炎，前列腺增生，輸尿管結石等疾病引起，建議去查一下前列腺功能，及泌尿系統，看是否有炎癥或結石	0
我的右腳外踝骨折一年多・平時有腳走路不敢用力・走路時間長了腳和小腿腫脹・三個月前拍片骨折處長好・為什麼腫脹不好 一般經期推遲或提前一周都是正常的，如果沒有懷孕，你這個情況考慮是月經失調，祝你健康了引起月經失調的原因很多，情緒不穩定，壓力大，精神緊張，生活不規律，婦科炎癥等，建議你註意觀察，必要是去醫院做個檢查，明確病因後對癥治療	0
我的右腳外踝骨折一年多・平時有腳走路不敢用力・走路時間長了腳和小腿腫脹・三個月前拍片骨折處長好・為什麼腫脹不好 懷孕早期，由於胚胎比較小，在子宮里長的不穩定，容易發生流產，不建議你懷孕一個月時痔瘡手術，而且術後用藥對胎兒也是有影響的。等生完寶寶再說吧。建議你安心懷孕，放松心情，註意休息，禁止性生活，避免接觸有害物質，避免感冒。	0
我的右腳外踝骨折一年多・平時有腳走路不敢用力・走路時間長了腳和小腿腫脹・三個月前拍片骨折處長好・為什麼腫脹不好 月經期的性行為多會引起婦科炎癥的可能的，最好及時檢查下，建議平時要多註意陰部的衛生	0
我的右腳外踝骨折一年多・平時有腳走路不敢用力・走路時間長了腳和小腿腫脹・三個月前拍片骨折處長好・為什麼腫脹不好 導致陰毛處搔癢的原因較多，常見的有細菌感染，濕疹，毛囊炎，陰虱及疥瘡等。建議你最好是到醫院婦科去檢查一下，確診以後，針對性的治療。平時要保持陰部的清潔幹燥，堅持每天用清水清洗會陰部，穿著寬松、吸汗、透氣的內褲，並勤換內褲。千萬不能抓撓。	0
"我的右腳外踝骨折一年多・平時有腳走路不敢用力・走路時間長了腳和小腿腫脹・三個月前拍片骨折處長好・為什麼腫脹不好 寶寶現在已經是足月兒，各項指標也都很正常，但是是否能順產和很多因素有關，首先你的產科醫生會給你測量你的骨盆條件，看看骨盆的各徑線和寶寶的頭部徑線是否相稱，如果骨盆相對寶寶的頭部窄小的話，就不建議順產，寶寶是頭位，但是臍帶繞頸兩周，這樣會使臍帶的長度變短，不利寶寶下降進入骨盆，會有牽拉的阻礙，這樣也容易造成寶寶的乏氧情況。若是一周或是沒有的話，一般是沒有什麽很大的影響的，所以建議觀察為好。建議你複查超聲檢查及胎心監護檢查為好的，看一下宮內胎兒的發育情況的"""	0
我的右腳外踝骨折一年多・平時有腳走路不敢用力・走路時間長了腳和小腿腫脹・三個月前拍片骨折處長好・為什麼腫脹不好 引起眼睛經常流淚的原因很多，慢性結膜炎、鼻淚道堵塞、沙眼，等可以引起，建議你去醫院眼科檢查後對癥治療。如果發現是結膜炎引起的可以滴用抗生素眼藥水治療，比如滴用抗生素眼藥水妥布黴素和氧氟沙星眼膏治療，如果是淚道堵塞引起的，就去醫院眼科沖洗治療，如果是沙眼，就滴用治療沙眼的眼藥水。	0
我的右腳外踝骨折一年多・平時有腳走路不敢用力・走路時間長了腳和小腿腫脹・三個月前拍片骨折處長好・為什麼腫脹不好 目前市面上沒有任何一種藥物很有效，可以用馬應龍等藥物但也只能緩解癥狀特別嚴重時可進行手術治療。平時註意飲食，少吃辛辣，煎炒的東西。	0
我的右腳外踝骨折一年多・平時有腳走路不敢用力・走路時間長了腳和小腿腫脹・三個月前拍片骨折處長好・為什麼腫脹不好 考慮病毒引起的，建議服用氨溴索片和雙黃連等藥物治療，多喝開水，避免著涼，不吃辛辣刺激食物多吃富含維生素C的食物，這種食物非常多，如柑橘，胡椒等，要多吃新鮮的蔬菜水果，還要註意飲食規律	0
我的右腳外踝骨折一年多・平時有腳走路不敢用力・走路時間長了腳和小腿腫脹・三個月前拍片骨折處長好・為什麼腫脹不好 痔瘡的治療首先要保持大便通暢，養成每天定時排便的好習慣，並且飲食應以清淡易消化為主，少飲濃茶，少吃辛辣刺激性食物，以減少對肛管的刺激。病情比較輕可局部應用痔瘡膏或痔瘡栓，藥物只能緩解癥狀，如果嚴重的話，是需要手術治療的	0
我的右腳外踝骨折一年多・平時有腳走路不敢用力・走路時間長了腳和小腿腫脹・三個月前拍片骨折處長好・為什麼腫脹不好 化療的一個療程，要看醫生定的方案了。一般2次為一個療程，一個星期一次。有的是三次一個療程，三四天一次。在化療的時候要做好防禦工作，以減少化療的副作用，飲食上可多吃一些含硒的食物，如海鮮、蘑菇、雞蛋、大蒜、銀杏等，最好是吃硒補劑如硒維康口嚼片，可以減少白細胞降低，惡心、嘔吐、食欲減退、嚴重脫發、腎毒性等副作用，從而有助於合理加大化療藥物的劑量，以取得更好療效。	0
我的右腳外踝骨折一年多・平時有腳走路不敢用力・走路時間長了腳和小腿腫脹・三個月前拍片骨折處長好・為什麼腫脹不好 眼睛癢還流淚考慮是結膜炎的跡象，可用無刺激性的沖洗劑如2%硼酸水，或生理鹽水沖洗結膜囊，局部頻滴有效的抗生素眼藥水睡前塗抗生素眼膏，並註意個人衛生保持手的清潔。不要用手揉眼並須勤洗手。	0
我的右腳外踝骨折一年多・平時有腳走路不敢用力・走路時間長了腳和小腿腫脹・三個月前拍片骨折處長好・為什麼腫脹不好 一般是有膝關節內的軟骨或者是有半月板的損傷引起的。建議做磁共振等檢查確診，治療要適當休息，可以用玻璃酸鈉關節腔註射，並吃氨基葡萄糖等。	0
我的右腳外踝骨折一年多・平時有腳走路不敢用力・走路時間長了腳和小腿腫脹・三個月前拍片骨折處長好・為什麼腫脹不好 不能的，最好是3個月後再懷孕為好。準備懷孕前，最好先到醫院進行全面檢查，以確保在完全健康的狀態下懷孕。	0
我的右腳外踝骨折一年多・平時有腳走路不敢用力・走路時間長了腳和小腿腫脹・三個月前拍片骨折處長好・為什麼腫脹不好 考慮是由於上火或病毒感染引起的。豆豆可以塗阿昔洛韋乳膏，也可以塗點食鹽，多喝水。忌吃辛辣食物，並保持睡眠充足，舒緩壓力。一般一周就好了。	0
我的右腳外踝骨折一年多・平時有腳走路不敢用力・走路時間長了腳和小腿腫脹・三個月前拍片骨折處長好・為什麼腫脹不好 我建議你口服羅紅黴素和氨溴索片，多飲溫開水，還要口服999感冒顆粒和抗病毒口服液飲食進清淡易消化食物，避免生冷硬及辛辣等刺激性食物，多吃梨或用冰糖熬梨水喝，因為梨有潤肺的功效，註意保暖，避免著涼使感冒加重	0
我的右腳外踝骨折一年多・平時有腳走路不敢用力・走路時間長了腳和小腿腫脹・三個月前拍片骨折處長好・為什麼腫脹不好 這要根據甲亢的癥狀和化驗結果決定治療方案。輕度的多可以通過藥物得到控制。中度以上一般多需要手術或放射碘治療才能得到控制，否則不及時治療，可能使多個器官受累（如突眼，心肌勞累表現為心律失常或心跳加快等，神經和內分泌也會有影響）。另外不同的年齡段的治療原則也有不同。因此建議正規檢查和系統治療	0
我的右腳外踝骨折一年多・平時有腳走路不敢用力・走路時間長了腳和小腿腫脹・三個月前拍片骨折處長好・為什麼腫脹不好 你現在的情況主要是出現感冒癥狀，另外還有發熱，腹瀉的情況，感覺全身輕飄飄主要是由於失水較多，應該不是H7N9。建議你不用過於的擔心，可以進一步進行調整，針對性的進行治療，另外就是保持好心態，妥善的進行改善。	0
我的右腳外踝骨折一年多・平時有腳走路不敢用力・走路時間長了腳和小腿腫脹・三個月前拍片骨折處長好・為什麼腫脹不好 水中毒在腎功能不全或有抗利尿激素分泌過多（如大手術嚴重外傷等應激狀態下）時如攝入過量液體則因腎不能將過多的水分排出而造成體內水分積聚。體內水分過多可使細胞外液稀釋擴張並滲入細胞而引起細胞內水腫。治療原則主要是嚴格控制水分攝入形成水的負平衡一般輕癥病人即可好轉。每日入水量限制在700-1000ml以下。重癥病人則須用高滲氯化鈉溶液使細胞內水分滲出同時用速尿進行利尿以免血容量繼續擴張。腎功能衰竭的病人要用透析療法排出全內積水。	0
我的右腳外踝骨折一年多・平時有腳走路不敢用力・走路時間長了腳和小腿腫脹・三個月前拍片骨折處長好・為什麼腫脹不好 雙頂徑，是指胎兒頭兩邊直徑測量的數據，也是推算胎兒大小的指標之一。懷孕3個月時小於3厘米。在懷孕5個月以後，基本與懷孕月份相符，也就是說，妊娠28周（7個月）時bpd約為7厘米，32周（8個月）時約為8厘米，以此類推。懷孕8個月以後，平均每周增長約為0。2厘米為正常。	0
我的右腳外踝骨折一年多・平時有腳走路不敢用力・走路時間長了腳和小腿腫脹・三個月前拍片骨折處長好・為什麼腫脹不好 這不一定的，請及時檢查性激素方面，有高泌乳素癥的可能。	0
我的右腳外踝骨折一年多・平時有腳走路不敢用力・走路時間長了腳和小腿腫脹・三個月前拍片骨折處長好・為什麼腫脹不好 目前按照我國預防接種的相關規定，兩種疫苗一般不會同時接種，兩種疫苗接種之間至少間隔28天目前的話，建議最好不要同時接種，容易出現小孩子接種疫苗後發燒、拉肚子等反映	0
我的右腳外踝骨折一年多・平時有腳走路不敢用力・走路時間長了腳和小腿腫脹・三個月前拍片骨折處長好・為什麼腫脹不好 做胃鏡檢查要空腹，有心臟病等要提前和醫生說明。很多醫院都用上胃鏡潤化膠漿，有表面麻醉作用。可以減少痛苦，甚至有無痛胃鏡的使用更能減輕痛苦	0
我的右腳外踝骨折一年多・平時有腳走路不敢用力・走路時間長了腳和小腿腫脹・三個月前拍片骨折處長好・為什麼腫脹不好 病例分析:一般表現為。腰背部疼痛。下肢放射性疼痛，感覺及麻木異常等。治療上可以分手術治療和非手術治療方法，臥床休息2、藥物治療3、牽引療法4、物理治療5、推拿治療6、針灸治療7、封閉療法8、小針刀療法等。腰間盤突出的患者一般生活上要註意。睡硬板床。睡硬板床可以減少椎間盤承受的壓力，保持良好的生活習慣，註意腰間保暖，盡量不要受寒。	0
我的右腳外踝骨折一年多・平時有腳走路不敢用力・走路時間長了腳和小腿腫脹・三個月前拍片骨折處長好・為什麼腫脹不好 因為引產對子宮的影響是很大的，對某些人來說會造成習慣性流產甚至不孕，一般來說只要月經正常是可以受孕的，不要過於擔心	0
我的右腳外踝骨折一年多・平時有腳走路不敢用力・走路時間長了腳和小腿腫脹・三個月前拍片骨折處長好・為什麼腫脹不好 考慮你的情況如果在排卵期有過性生活的話，懷孕的可能性還是很大的。建議你保持良好心態，可以在同房15天，用早孕試紙檢測一下，其實最準確的檢查方法，是月經周期推遲7天時，去醫院抽血檢查血hcg，確診是否懷孕。	0
我的右腳外踝骨折一年多・平時有腳走路不敢用力・走路時間長了腳和小腿腫脹・三個月前拍片骨折處長好・為什麼腫脹不好 考慮是腰間盤突出造成的，建議采用封閉療法，封閉療法是一種快速而有效的治療腰椎間盤突出癥的方法。	0
我的右腳外踝骨折一年多・平時有腳走路不敢用力・走路時間長了腳和小腿腫脹・三個月前拍片骨折處長好・為什麼腫脹不好 你的這種情況是不正常的，一方面要考慮先兆流產的可能，另一方面不排除宮外孕的可能。及時去醫院檢查B超，排除宮外孕的可能以後及時行保胎治療。治療期間絕對的臥床休息，避免情緒過度緊張導致病情加重。保持外陰清潔避免逆行感染。	0
我的右腳外踝骨折一年多・平時有腳走路不敢用力・走路時間長了腳和小腿腫脹・三個月前拍片骨折處長好・為什麼腫脹不好 痔的誘發因素很多，其中便秘、長期飲酒、進食大量刺激性食物和久坐久立是主要誘因。痔瘡的治療方法很多：藥物註射、結紮、激光、射頻、冷凍等。一般治療適用於絕大部分的痔，包括血栓性和嵌頓性痔的初期。註意飲食，忌酒和辛辣刺激食物，增加纖維性食物，多攝入果蔬、多飲水，改變不良的排便習慣，保持大便通暢，必要時服用緩瀉劑，便後清洗肛門。	0
我的右腳外踝骨折一年多・平時有腳走路不敢用力・走路時間長了腳和小腿腫脹・三個月前拍片骨折處長好・為什麼腫脹不好 造成女性流產的原因是非常多的，可能是胎兒發育自身問題，也可能是有婦科疾病，病毒感染，或是男性精子有問題，抗體，染色體問題，外傷等太多你的情況建議去正規醫院做個全面的檢查，明確自然流產的原因，針對性治療。	0
我的右腳外踝骨折一年多・平時有腳走路不敢用力・走路時間長了腳和小腿腫脹・三個月前拍片骨折處長好・為什麼腫脹不好 考慮孩子是新生兒黃疸。多建議照藍光治療如果是輕的建議吃點退黃藥物吃點茵梔黃顆粒觀察看看是否吃母乳可以停三天看看吃點配方乳	0
我的右腳外踝骨折一年多・平時有腳走路不敢用力・走路時間長了腳和小腿腫脹・三個月前拍片骨折處長好・為什麼腫脹不好 懷孕前三個月胎盤發育尚不牢固，如果有性生活可能會引起子宮收縮導致流產，根據你的情況服用保胎藥物治療之後，陰道流血量減少，可以繼續進行保胎治療建議繼續使用保胎藥物進行治療，臥床休息，避免劇烈活動，增加飲食營養，保持樂觀的心態，懷孕前三個月內禁止性生活，否則容易引起流產	0
我的右腳外踝骨折一年多・平時有腳走路不敢用力・走路時間長了腳和小腿腫脹・三個月前拍片骨折處長好・為什麼腫脹不好 其實假體隆胸是非常安全是豐胸方法當然所有的手術都有可能出現一些不適癥狀不過只要選擇一家大型、正規權威的整形醫院、臨床經驗豐富的整形專家可以把假體隆胸的危害減少到最低	0
我的右腳外踝骨折一年多・平時有腳走路不敢用力・走路時間長了腳和小腿腫脹・三個月前拍片骨折處長好・為什麼腫脹不好 以上癥狀考慮是皮膚的過敏反應多音接觸過敏原誘發的在藥物治療上建議積極抗過敏進行治療較好可使用西替利嗪或者氯雷他定片進行治療要多吃瓜果蔬菜補充維生素避免搔抓註意局部清潔衛生	0
我的右腳外踝骨折一年多・平時有腳走路不敢用力・走路時間長了腳和小腿腫脹・三個月前拍片骨折處長好・為什麼腫脹不好 根據你的描述，一般來說，如果體溫在38C左右，可不必急於給予降溫處理，這樣既可以觀察熱型，又不妨礙身體逐漸產生抗病能力。如果體溫在38．5℃以上，則可適當進行降溫處理，特別是有高燒抽風史的小兒，更應積極給予降溫。退燒的方法很多，適合家庭使用的有如下一些方法：1、酒精擦浴，如一時找不到酒精也可用白酒代替。2、頭部冷敷：可用頭枕冰袋、或額部冷毛巾濕敷，或兩者同時使用。此法簡單易行，有涼水即可，或用冰水更好。註意要及時更換冷毛巾或冰袋以加強退燒效果。3、藥物退燒：退燒藥要按醫囑使用。	0
我的右腳外踝骨折一年多・平時有腳走路不敢用力・走路時間長了腳和小腿腫脹・三個月前拍片骨折處長好・為什麼腫脹不好 考慮是疼痛的癥狀表現的，需要你早期到醫院給於檢查，這種情況是會導致腿痛的	0
我的右腳外踝骨折一年多・平時有腳走路不敢用力・走路時間長了腳和小腿腫脹・三個月前拍片骨折處長好・為什麼腫脹不好 我個人而言，慢性腸炎多是身體虛弱，抵抗力差，尤其胃腸道易並發感染，因而更應註意飲食衛生，不吃生冷，堅硬及變質的食物，禁酒及辛辣刺激性強的調味品。慢性結腸炎病人還應密切觀察自己對各種食品的適應性，註意個體差異。一些本不應對腸道造成影響的食品，如雞蛋，牛奶等，但食後腹瀉加重，過敏源一時也分辨不清，因此發現問題，要找出原因，摸索規律，盡量不要食用。	0
我的右腳外踝骨折一年多・平時有腳走路不敢用力・走路時間長了腳和小腿腫脹・三個月前拍片骨折處長好・為什麼腫脹不好 你可以服用一些消腫的藥物及促進骨頭生長的藥物，或通過飲食，多食骨頭湯。註意休息，加強營養，適當的功能鍛煉，保持良好的心情。	0
我的右腳外踝骨折一年多・平時有腳走路不敢用力・走路時間長了腳和小腿腫脹・三個月前拍片骨折處長好・為什麼腫脹不好 頭暈是一種癥狀，頭暈不能對癥治療，要對病因進行治療。引起頭暈常見的病有血壓異常，貧血，鼻炎，頸椎病，腦供血不足、胃腸道疾病，美尼爾氏綜合征、休息不好等，建議先測一下血壓看有無異常。如果血壓正常，建議到醫院神經內科就診檢查，明確診斷再治療	0
我的右腳外踝骨折一年多・平時有腳走路不敢用力・走路時間長了腳和小腿腫脹・三個月前拍片骨折處長好・為什麼腫脹不好 癌癥晚期中醫效果較好，因為晚期癌癥患者因為癌細胞消耗性大體質虛弱，癌細胞大多已經多處轉移，西醫局部治療效果不佳，而且患者也不能耐受手術與放化療，服用中藥可以全面調理機體內環境，補氣養血，扶正祛邪，有效控制病情，緩解痛苦，延長生命。建議采用中醫動態的療法治療。	0
我的右腳外踝骨折一年多・平時有腳走路不敢用力・走路時間長了腳和小腿腫脹・三個月前拍片骨折處長好・為什麼腫脹不好 這個不排除腎虛的可能。所以必須考慮進一步的檢查看。	0
我的右腳外踝骨折一年多・平時有腳走路不敢用力・走路時間長了腳和小腿腫脹・三個月前拍片骨折處長好・為什麼腫脹不好 梅毒癥狀表現之硬下疳常合並包皮水腫。有的病人可在陰莖背部出現淋巴管炎，呈較硬的線狀損害。潰瘍的基底部清潔無膿液，可有少量漿液性滲出，滲出物中含有大量的梅毒螺旋體。梅毒癥狀表現常伴有腹股溝淋巴結的無痛性腫大。初瘡是梅毒螺旋體感染人體後最早的皮膚損害，它發生的部位就是梅毒螺旋體侵入的部位。梅毒的治療要註意生活細節，防止傳染他人：早期梅毒患者有較強的傳染性，晚期梅毒雖然傳染性逐漸減小，但也要小心進行防護。自己的內褲、毛巾及時單獨清洗，煮沸消毒，不與他人同盆而浴。發生硬下疳或外陰、肛周扁平濕疣	0
我的右腳外踝骨折一年多・平時有腳走路不敢用力・走路時間長了腳和小腿腫脹・三個月前拍片骨折處長好・為什麼腫脹不好 這個調經藥分為幾類，是針對這個月經不調的原因的，比如貧血那就需要補血調經。如果宮寒造成的就需要溫宮調經所以這個是不一樣的。你必需說你的癥一去醫院檢查然後醫生會開相應的調經藥給你。調經藥是很多種類的。不是一個藥。	0
我的右腳外踝骨折一年多・平時有腳走路不敢用力・走路時間長了腳和小腿腫脹・三個月前拍片骨折處長好・為什麼腫脹不好 從優生學講是有一定的影響的，但是不是一定會導致畸形。這種情況需要嚴格做好孕期的檢查，嚴密觀察胎兒的發育情況，如果發現胎兒異常，及時做處理。祝健康。要保持好的心態，補充營養，多食新鮮蔬菜水果，給胎兒的發育創造良好的環境，如有不適及時就診。	0
我的右腳外踝骨折一年多・平時有腳走路不敢用力・走路時間長了腳和小腿腫脹・三個月前拍片骨折處長好・為什麼腫脹不好 因不能面診患者。無法全面了解病情。這種情況應該不正常建議去骨科複查一下。可以用活血化瘀的中藥外洗治療一段時間。	0
我的右腳外踝骨折一年多・平時有腳走路不敢用力・走路時間長了腳和小腿腫脹・三個月前拍片骨折處長好・為什麼腫脹不好 你的這種情況還好，毛毛有點發育不良，不用太擔心。還會繼續發育的。建議註意飲食，加強營養，保持心情愉快，定期去醫院產檢。	0
我的右腳外踝骨折一年多・平時有腳走路不敢用力・走路時間長了腳和小腿腫脹・三個月前拍片骨折處長好・為什麼腫脹不好 不必擔心心室內強回聲是一種超聲表現而非心臟畸形更不是胎兒心臟異常的超聲診斷應註意及時複查。	0
我的右腳外踝骨折一年多・平時有腳走路不敢用力・走路時間長了腳和小腿腫脹・三個月前拍片骨折處長好・為什麼腫脹不好 身高能否如意，取決於幾個因素，首先是遺傳因素，占70％，此外，取決於其他條件，包括運動、營養、環境和社會因素等。建議你到醫院做一個骨骺線方面的檢查，如果骨骺線將要閉合並沒有完全閉合的情況可以短期使用生長激素。但是必須現在抓緊時間。如果使用過早可能導致骨骺過早閉合影響最終身高。	0
我的右腳外踝骨折一年多・平時有腳走路不敢用力・走路時間長了腳和小腿腫脹・三個月前拍片骨折處長好・為什麼腫脹不好 需要結合臨床進一步檢查化驗，明確診斷並針對具體情況，采取綜合措施治療即可恢複健康。	0
我的右腳外踝骨折一年多・平時有腳走路不敢用力・走路時間長了腳和小腿腫脹・三個月前拍片骨折處長好・為什麼腫脹不好 腎虛的癥狀在腦力方面表現為：註意力不集中，精力不足，工作效率降低，記憶力下降。記憶力減退。腎虛的癥狀在情誌方面表現為：情緒不好，情緒常常難以自控，頭暈，易怒，煩躁，焦慮，抑郁等。腎虛的癥狀在意誌方面表現為：沒有自信，信心不足，工作無熱情，生活無激情，沒有目標與方向。腎虛的癥狀在性功能方面表現為：性功能降低，男子性欲望降低，性欲降低，陽萎或者是陽物舉而不堅，滑精、遺精、早泄，顯微鏡檢查可以看到精子減少或者是精子活動力降低，不育。腎虛的癥狀還可能有：早衰健忘失眠，食欲不振，骨骼與關	0
我的右腳外踝骨折一年多・平時有腳走路不敢用力・走路時間長了腳和小腿腫脹・三個月前拍片骨折處長好・為什麼腫脹不好 這位朋友考慮膈肌痙攣這種情況建議註意腹部保暖，可以彎腰，分次服用溫水可以緩解	0
我的右腳外踝骨折一年多・平時有腳走路不敢用力・走路時間長了腳和小腿腫脹・三個月前拍片骨折處長好・為什麼腫脹不好 這個情況可以查一下過敏原生活中也可以有效避免接觸，蕁麻疹反複的話首先要找到蕁麻疹發病原因，采用中藥進行調理，提高人體免疫力，抗過敏為原則，以清血凈毒、涼血潤膚、驅除體內濕熱淤毒為重點，效果顯著。	0
我的右腳外踝骨折一年多・平時有腳走路不敢用力・走路時間長了腳和小腿腫脹・三個月前拍片骨折處長好・為什麼腫脹不好 你的情況根據敘述需要排除是否應用洗浴用品過敏等的可能。或者毛囊炎等。暫時可以外用膚輕松軟膏並註意局部衛生即可，必要的時候需要進一步檢查化驗明確診斷並針對具體情況采取綜合措施治療即可恢複健康。暫時不考慮性病。	0
我的右腳外踝骨折一年多・平時有腳走路不敢用力・走路時間長了腳和小腿腫脹・三個月前拍片骨折處長好・為什麼腫脹不好 服用緊急避孕藥是會引起月經不調，陰道不規則出血等不良反應。這個不好確定什麽時候來月經，等避孕藥藥效消失後會自動恢複的。	0
我的右腳外踝骨折一年多・平時有腳走路不敢用力・走路時間長了腳和小腿腫脹・三個月前拍片骨折處長好・為什麼腫脹不好 手和胳膊麻這個癥狀表現不排除是患頸椎病壓迫神經造成的。建議看看骨外科醫生體檢，必要時需要CT輔助檢查確診。頸椎病治療一般需要可采取按摩，牽引、針灸、理療、服中藥等保守治療。目前可以服用藥物緩解癥狀，建議服用頸複康顆粒和全天麻膠囊	0
我的右腳外踝骨折一年多・平時有腳走路不敢用力・走路時間長了腳和小腿腫脹・三個月前拍片骨折處長好・為什麼腫脹不好 考慮腰椎間盤突出癥或腰肌勞損，腰椎間盤突出患者一部分腰部不痛，只有臀部和下肢疼痛。作個腰椎CT檢查，看是否腰椎間盤突出引起的	0
我的右腳外踝骨折一年多・平時有腳走路不敢用力・走路時間長了腳和小腿腫脹・三個月前拍片骨折處長好・為什麼腫脹不好 建議用馬應龍痔瘡膏，肛泰栓等，具體情況根據你是什麽痔瘡以及程度而定。加強鍛煉改善血液循環，預防便秘，一定要多註意日常生活飲食習慣，預防才是最好的	0
我的右腳外踝骨折一年多・平時有腳走路不敢用力・走路時間長了腳和小腿腫脹・三個月前拍片骨折處長好・為什麼腫脹不好 經期同房是不會導致懷孕的。你是可以放心的，但需要註意的是經期是禁止同房的，容易導致宮腔感染	0
我的右腳外踝骨折一年多・平時有腳走路不敢用力・走路時間長了腳和小腿腫脹・三個月前拍片骨折處長好・為什麼腫脹不好 主要是由於咽喉部位的感染導致的，對咽喉黏膜刺激引起咳嗽，關鍵是對因治療。可能是細菌感染導致的，再有就是病毒感染引起的。還可能就是機體的抵抗力降低的原因。建議到醫院做一下血常規、痰液的培養，明確致病微生物後，對因治療。細菌感染可以使用青黴素、頭孢等廣譜抗生素，病毒感染可以服用病毒靈，阿昔洛韋。	0
我的右腳外踝骨折一年多・平時有腳走路不敢用力・走路時間長了腳和小腿腫脹・三個月前拍片骨折處長好・為什麼腫脹不好 你的情況，考慮是懷孕你的情況，考慮胎兒發育較大。估計胎兒情況，大約有2400克左右。	0
我的右腳外踝骨折一年多・平時有腳走路不敢用力・走路時間長了腳和小腿腫脹・三個月前拍片骨折處長好・為什麼腫脹不好 如果發現自己的體重過輕，身體過瘦，首先要查一下是不是疾病的潛在影響。如甲狀腺，糖尿病，腎上腺，消化系統疾病等，都容易造成體重過輕。排除了疾病的情況，才可以實施增肥計劃。建議你少吃多餐。以易消化、高蛋白、高熱量為原則，逐步提高各種營養物質的攝入，同時吃一些調節脾胃的中成藥，如山楂丸、朱砂養胃丸等。	0
我的右腳外踝骨折一年多・平時有腳走路不敢用力・走路時間長了腳和小腿腫脹・三個月前拍片骨折處長好・為什麼腫脹不好 這個情況要積極進行檢查確定情況為好建議用使用阿奇黴素，外塗碘伏治療為好	0
我的右腳外踝骨折一年多・平時有腳走路不敢用力・走路時間長了腳和小腿腫脹・三個月前拍片骨折處長好・為什麼腫脹不好 吃藥可以吃避孕藥的，靠藥物絕育，古代醫書中有記載，但是療效也不是百分之百，有些對身體還有損傷，所以不如用節育環或者幹脆做絕育術安全。	0
我的右腳外踝骨折一年多・平時有腳走路不敢用力・走路時間長了腳和小腿腫脹・三個月前拍片骨折處長好・為什麼腫脹不好 臨床上一般常用硫磺軟膏。林丹乳膏治療疥瘡，因為這兩個產品價格比較便宜，所以好多醫院。藥店都把它作為疥瘡治療的常用藥。但由於硫磺軟膏。林丹乳膏不能完全滲透到皮下殺滅疥蟲和隧道蟲卵，對早期疥瘡患者皮膚表面的炎癥消退比較明顯。常使好多疥瘡患者誤認為自己的癥狀已經好了，但由於疥蟲始終在皮下存在，待停藥以後馬上就會再次發作。長時間反複發作，多出現疥瘡結節，增加疥瘡治療的難度，因此在治療時一定要全身用藥，選擇能滲透皮下，能殺滅疥蟲。蟲卵的產品使用。	0
我的右腳外踝骨折一年多・平時有腳走路不敢用力・走路時間長了腳和小腿腫脹・三個月前拍片骨折處長好・為什麼腫脹不好 急性胰腺炎，需積極治療病因，如膽道結石。預防複發：1。急性發作期數日內應禁食，經口的水分補充也應禁止。可從靜脈輸註葡萄糖、氨基酸、電解質等以維持營養及水電解質平衡，切忌過早進食。2。待腹痛、嘔吐基本消失，白細胞澱粉酶減至正常後可給以不含脂肪的純碳水化合物流食，內容包括：米湯、稀藕粉、杏仁茶、果汁、果凍等糖類食物。對胰腺外分泌無刺激作用，故可作為急性胰腺炎的主要熱能補充。3。禁用肉湯、魚湯、雞湯、奶類、蛋黃等含脂肪的食物。嚴格控制脂肪和肉類及蛋白質食品。4。在以上基	0
我的右腳外踝骨折一年多・平時有腳走路不敢用力・走路時間長了腳和小腿腫脹・三個月前拍片骨折處長好・為什麼腫脹不好 根據你的描述考慮是黴菌性陰道炎，感染上黴菌陰道炎，女性私處會奇癢難耐，其次白帶增多呈豆腐渣樣或者乳凝狀，私處灼熱而有疼痛感，還會出現尿頻、尿急和性生活的疼痛現象，另外可以看到小陰唇內側附有白色片狀的薄膜，私處外部的周圍會紅腫。建議到正規公立醫院婦科進行相關檢查，根據檢查結果，對癥治療。在沒有確診之前，不要擅自用藥，以免影響治療效果。	0
我的右腳外踝骨折一年多・平時有腳走路不敢用力・走路時間長了腳和小腿腫脹・三個月前拍片骨折處長好・為什麼腫脹不好 也不易發生溶血的，不用緊張和擔心的。	0
我的右腳外踝骨折一年多・平時有腳走路不敢用力・走路時間長了腳和小腿腫脹・三個月前拍片骨折處長好・為什麼腫脹不好 臨床上，很多患者經常感到小腹部出現脹痛、下墜的感覺，這是肛門下墜的典型癥狀。肛門下墜感是肛腸疾病的一種常見癥狀，有的患者還會出現便次增多的癥狀，這些都是一些肛腸疾病的典型癥狀。建議到醫院檢查一下，但首先要保持大便通暢，平時多吃香蕉和芹菜通便效果好。忌口不要吃辛辣食物，不要喝酒。如果還是不好，只能手術治療。謝謝	0
全部症狀：手指關節不小心韌帶扭傷現在關節腫大痛發病時間及原因：治療情況：關節骨頭沒問題。看能用什麼有效的外敷藥治療。 熬夜會對身體造成的損害很多，也很嚴重。主要有：1、經常疲勞，免疫力下降。2、頭痛，長期熬夜、失眠對記憶力也有無形的損傷。3、影響生育力。4、皮膚幹燥、長黑斑和青春痘。5、出現黑眼圈、眼袋。熬夜會對身體造成的損害很多，也很嚴重。主要有：1、經常疲勞，免疫力下降。2、頭痛，長期熬夜、失眠對記憶力也有無形的損傷。3、影響生育力。4、皮膚幹燥、長黑斑和青春痘。5、出現黑眼圈、眼袋。	0
全部症狀：手指關節不小心韌帶扭傷現在關節腫大痛發病時間及原因：治療情況：關節骨頭沒問題。看能用什麼有效的外敷藥治療。 你這個有可能是微量元素及維生素缺乏。建議你口服葡萄糖酸鋅，或者同時服用維生素b。平常一定要多喝水。多吃蔬菜。不要吃味精雞精，因為這回造成鋅的排除增加。因為它們有可能導致鋅的排除增加。鋅的缺乏幾會導致這個病。建議你一定要要禁煙，酒，辛辣食物。含化華素片效果好	0
全部症狀：手指關節不小心韌帶扭傷現在關節腫大痛發病時間及原因：治療情況：關節骨頭沒問題。看能用什麼有效的外敷藥治療。 腮腺炎主要表現為一側或兩側耳垂下腫大，腫大的腮腺常呈半球形，以耳垂為中心邊緣不清，表面發熱有角痛，張口或咀嚼時局部感到疼痛。腮腺腫脹在發病1－3天最明顯，以後逐漸消退，約2周腫脹完全退盡。在發病初期的3－5天，可有發熱、乏力、不願吃東西等全身癥狀。	0
全部症狀：手指關節不小心韌帶扭傷現在關節腫大痛發病時間及原因：治療情況：關節骨頭沒問題。看能用什麼有效的外敷藥治療。 還是要遵醫囑為好，開這個藥也是應該有道理的，這個病是應該及時治療的。	0
全部症狀：手指關節不小心韌帶扭傷現在關節腫大痛發病時間及原因：治療情況：關節骨頭沒問題。看能用什麼有效的外敷藥治療。 你描述的經期便血不是很清楚是什麽意思。建議有出血癥狀時就醫叫醫生看下，了解病情後對癥治療。	0
全部症狀：手指關節不小心韌帶扭傷現在關節腫大痛發病時間及原因：治療情況：關節骨頭沒問題。看能用什麼有效的外敷藥治療。 是龜頭炎。建議你去醫院做一下塗片檢查，看一下是真菌還是細菌引起的。真菌的話，建議你局部塗抹抗真菌藥物如達克寧。細菌的話，局部塗抹紅黴素乳膏，口服抗生素阿奇黴素治療。	0
全部症狀：手指關節不小心韌帶扭傷現在關節腫大痛發病時間及原因：治療情況：關節骨頭沒問題。看能用什麼有效的外敷藥治療。 建議板藍根沖劑和感冒通片治療，這些具有一定抗病毒和退熱作用應多補充水分，或果汁，它們都是很好的液體補充劑，果汁還能為你補充必須維生素和礦物質，尤其是維生素	0
全部症狀：手指關節不小心韌帶扭傷現在關節腫大痛發病時間及原因：治療情況：關節骨頭沒問題。看能用什麼有效的外敷藥治療。 引起胃痛的主要原因就是胃炎和潰瘍，應該及時做個胃鏡檢查來確診一下。平時在飲食上要註意，油膩、生冷及辛辣的刺激性食物千萬不可以吃，建議：如果不方便去醫院的話，藥物的選擇上推薦阿莫西林膠囊配合麗珠得樂沖劑。	0
全部症狀：手指關節不小心韌帶扭傷現在關節腫大痛發病時間及原因：治療情況：關節骨頭沒問題。看能用什麼有效的外敷藥治療。 根據你提示的信息，考慮是痔瘡引起出血的可能要大一些，最好是去醫院肛腸科確診一下。在痔瘡初期和無癥狀靜止期的痔，只需增加纖維性食物，改變不良的大便習慣，保持大便通暢，防治便秘和腹瀉就可以了，是不需要特殊治療的。	0
全部症狀：手指關節不小心韌帶扭傷現在關節腫大痛發病時間及原因：治療情況：關節骨頭沒問題。看能用什麼有效的外敷藥治療。 癲癇病是一種反複性突然發作的腦功能短暫異常的疾病。臨床表現有大發作小發作精神運動性局限性和混合性發作等類型。其發病率高據統計目前在我國約有600萬人次由於該病是一種慢性病可遷延數年甚至十年之久因而對患者的身體精神婚姻及經濟社會地位等方面造成巨大的影響。癲癇，它是一種慢性中樞神經系統疾病但不是不治之癥，只要及時科學進行治療，是有希望治好的。癲癇患者一定要積極配合醫生治療。目前治療癲癇的方法比較多，只有針對異常放電的腦神經以及腦細胞進行修複再生，恢複其正常的組織功能使其不再有異常放電的情況	0
全部症狀：手指關節不小心韌帶扭傷現在關節腫大痛發病時間及原因：治療情況：關節骨頭沒問題。看能用什麼有效的外敷藥治療。 你的情況考慮建議排卵期同房，女性的排卵日期一般在下次月經來潮前的14天左右。卵子自卵巢排出後在輸卵管的內能生存1-2天，以等待受精。男子的精子在女子的生殖道內可維持2-3天受精能力，故在卵子排出的前後幾天里性交容易受孕。為了保險起見，我們將排卵日的前5天和後4天，連同排卵日在內共10天稱為排卵期。因為在排卵期內性交容易受孕，所以排卵期又稱為易受孕期或危險期。	0
全部症狀：手指關節不小心韌帶扭傷現在關節腫大痛發病時間及原因：治療情況：關節骨頭沒問題。看能用什麼有效的外敷藥治療。 頭痛頭暈的話建議查明病因後然後再對癥治療，一般引起頭痛頭暈的原因比較多，可能是血壓升高，頸椎，腦部問題，心臟問題等等原因，所以建議去醫院查明病因後對癥入藥。氨基比林咖啡因片（頭疼片）不宜久吃，雙氯滅痛阿司匹林腸溶片，如果年紀比較小經常看電腦或因工作職業關系導致腦供血不足的情況下，經常性的頭暈頭疼可以吃天麻丸緩解作用，不宜吃西藥。	0
全部症狀：手指關節不小心韌帶扭傷現在關節腫大痛發病時間及原因：治療情況：關節骨頭沒問題。看能用什麼有效的外敷藥治療。 這是可以選擇正規的機構來進行訓練才是可以的平時也是要註意多和孩子進行溝通為好的。	0
全部症狀：手指關節不小心韌帶扭傷現在關節腫大痛發病時間及原因：治療情況：關節骨頭沒問題。看能用什麼有效的外敷藥治療。 分析你可能有免疫功能低下、可能有心律失常、可能有心臟神經官能癥、可能有腦血管疾病，診斷的確立是需要到醫院就診檢查後才能判斷是否是的，最好到醫院就診檢查。請不要著急可以考慮好好休息，適當補足身體營養，如果癥狀緩解就好，如果不緩解，可以考慮西醫的科學檢查後治療，也可以考慮中醫的中藥湯劑調理治療	0
全部症狀：手指關節不小心韌帶扭傷現在關節腫大痛發病時間及原因：治療情況：關節骨頭沒問題。看能用什麼有效的外敷藥治療。 從優生學講是有一定的影響的，但是不是一定會導致畸形。不用過於擔心。:這種情況需要嚴格做好孕期的檢查，在孕14-19周做唐氏篩查，孕22-26周做四維彩超產前排畸，若是有必要16-20周做羊水穿刺及臍血分析，這樣可以明確寶寶在宮內的發育情況。建議保留寶寶，做定期的孕檢，如果發現寶寶有異常，及時終止妊娠。	0
全部症狀：手指關節不小心韌帶扭傷現在關節腫大痛發病時間及原因：治療情況：關節骨頭沒問題。看能用什麼有效的外敷藥治療。 艾滋病一般是通過性生活，母嬰，血液傳染的。只有艾滋病毒才能通過血液傳染的，但是要註意勤洗手，搞好個人衛生，防止生病的	0
全部症狀：手指關節不小心韌帶扭傷現在關節腫大痛發病時間及原因：治療情況：關節骨頭沒問題。看能用什麼有效的外敷藥治療。 根據你的雞胸是指胸骨向前隆起的畸形。發病率排漏鬥胸之後，為胸壁畸形中第二常見病。多數學者認為是肋骨和肋軟骨過度生長造成的，胸骨的畸形是繼發於肋骨畸形。3歲後的患兒，多為佝僂病後遺癥，使用鈣劑和維生素D治療效果不佳，加用特制的支具壓迫凸起的胸部並維持一定的時間，同樣可達到輔助矯正畸形的目的。希望我的回答對你有幫助	0
全部症狀：手指關節不小心韌帶扭傷現在關節腫大痛發病時間及原因：治療情況：關節骨頭沒問題。看能用什麼有效的外敷藥治療。 這情況應該考慮是皮膚過敏，建議外塗醋酸膚輕松冰片軟膏或阿昔洛韋軟膏效果最好。可吃些消風止癢顆粒或氯雷他定來治療，不可吃辛辣刺激和易過敏食物。	0
全部症狀：手指關節不小心韌帶扭傷現在關節腫大痛發病時間及原因：治療情況：關節骨頭沒問題。看能用什麼有效的外敷藥治療。 在排卵期同房且將精液射入女方體內而沒有采取相應的措施防護就有懷孕的可能，所謂的排卵期就是指月經後十五天或下次月經前十四天左右。一般來說月幹凈後3天和月經前3天是絕對安全期，是不會懷孕的，沒有做任何的避孕措施也是不會懷孕的。不要擔心。主要是由於這個時候沒有排卵和子宮這個時候也沒有著床的條件	0
全部症狀：手指關節不小心韌帶扭傷現在關節腫大痛發病時間及原因：治療情況：關節骨頭沒問題。看能用什麼有效的外敷藥治療。 進食香蕉出現嘔吐、腹瀉，考慮為香蕉中的鉀離子對胃粘膜刺激所致可能，應註意排除急性胃腸炎可能。如無發熱，可予嗎丁啉、雷尼替丁口服對癥處理，同時應避免生冷飲食，註意保暖。避免粗糙、辛辣刺激飲食。如伴有發熱，可予氟哌酸、整腸生、嗎丁啉口服對癥處理。	0
全部症狀：手指關節不小心韌帶扭傷現在關節腫大痛發病時間及原因：治療情況：關節骨頭沒問題。看能用什麼有效的外敷藥治療。 據所述情況考慮肛周濕疹可能，建議忌辛辣刺激飲食，註意肛周清潔衛生，應用複方康納樂霜觀察	0
全部症狀：手指關節不小心韌帶扭傷現在關節腫大痛發病時間及原因：治療情況：關節骨頭沒問題。看能用什麼有效的外敷藥治療。 的這種情況來看你現在出現這種表現的主要原因有可能是由於受到了一些風寒造成肺部炎癥引起的咳嗽的現象對於這種情況不用過多的擔心基本上為肺癌的可能性不大適當的進行一些檢查和調理治療都會慢慢緩解。給你的建議就是對於這種情況盡量的註意好休息避免過度的疲勞和勞累並且適當地註意保暖避免著涼同時也可以適當的，應用一些消炎藥頭孢進行調理，並且最好到醫院進行一個肺部拍片檢查，如果發現異常的話再進行相應的治療。	0
全部症狀：手指關節不小心韌帶扭傷現在關節腫大痛發病時間及原因：治療情況：關節骨頭沒問題。看能用什麼有效的外敷藥治療。 據你的情況如果痔瘡輕的話可以用藥物治療，一般痔瘡分為：內痔一般出現的情況是便血和痔核的脫出，而外痔一般以腫脹、疼痛、下墜等為主。且外痔又有四種情況，血栓性外痔、皮贅、炎性外痔、靜脈曲張性外痔其表現也是不盡相同。建議去醫院的肛腸科就診，結合肛指及肛鏡的檢查，確診病情，對癥治療。	0
全部症狀：手指關節不小心韌帶扭傷現在關節腫大痛發病時間及原因：治療情況：關節骨頭沒問題。看能用什麼有效的外敷藥治療。 你是屬於婦科疾病中的盆腔炎的範疇建議你到醫院檢查一下B超和激素六項，以明確診斷。根據你的額病癥，還有待付給你用的藥物來看，是沒有出入的。不過建議你最好是中醫中藥治療。	0
全部症狀：手指關節不小心韌帶扭傷現在關節腫大痛發病時間及原因：治療情況：關節骨頭沒問題。看能用什麼有效的外敷藥治療。 腰椎間盤突出纖維環破裂後髓核突出壓迫神經根造成以腰腿痛為主要表現的疾病。腰椎間盤突出建議你可以到醫院做針灸、推拿、牽引、中頻等治療。平時間應盡量避免彎腰動作，避免長時間坐著，多做一些增強腰背肌力量，如橋式運動、飛燕等動作。	0
全部症狀：手指關節不小心韌帶扭傷現在關節腫大痛發病時間及原因：治療情況：關節骨頭沒問題。看能用什麼有效的外敷藥治療。 臨床上，失眠多夢常由精神緊張，思慮過度，苦惱憂慮，心事重重，神經衰弱等引起。建議睡前不宜興奮、不宜吃東西、可以適當做下放松活動、註意要洗臉洗腳、保持空氣流通、少飲水等。中藥治療失眠藥物主要成分如下：丹參、蓮子心、茯苓、遠誌、炒酸棗仁、柴胡、珍珠粉、首烏藤。建議在專業醫生的指導下進行。	0
全部症狀：手指關節不小心韌帶扭傷現在關節腫大痛發病時間及原因：治療情況：關節骨頭沒問題。看能用什麼有效的外敷藥治療。 小兒發燒的病因是相當多的，臨床上可以分為感染性與非感染性，以感染性多見，如感冒等是最常見的病因，對於發熱需要首先明確病因，針對病因進行處理，體溫過高時容易引起小兒高熱驚厥，所以也是有必要控制體溫的，主要是采用藥物降溫與物理降溫的方法，具體用藥最好能在醫生指導下使用。	0
全部症狀：手指關節不小心韌帶扭傷現在關節腫大痛發病時間及原因：治療情況：關節骨頭沒問題。看能用什麼有效的外敷藥治療。 這種情況一般頸椎病的情況。另外是有血流不暢的情況引起的。這種情況一般來說，是可以配合中藥、理療、針灸等治療的。還有做彩超檢查一下的。根據臨床具體的情況治療。	0
全部症狀：手指關節不小心韌帶扭傷現在關節腫大痛發病時間及原因：治療情況：關節骨頭沒問題。看能用什麼有效的外敷藥治療。 考慮神經衰弱，植物神經調節紊亂導致，建議睡前避免服用可樂，咖啡，巧克力，酒，茶，規律飲食，不要暴飲暴食，按時吃飯。飲食宜清淡，少食辛辣，煎炒，油炸，烈酒等不消化和刺激性食物，多食水果，蔬菜和纖維性食物，並註意改善睡眠環境有利於減輕大腦興奮狀態。可以口服。谷維素片+維生素B1片+安神補腦液進行調理，入睡困難建議口服:地西洋片，另外養成良好的休息習慣，避免勞累，緩解自己的壓力，保持愉快的心情。	0
全部症狀：手指關節不小心韌帶扭傷現在關節腫大痛發病時間及原因：治療情況：關節骨頭沒問題。看能用什麼有效的外敷藥治療。 如果HCG、孕酮正常，根據你的癥狀建議行B超檢查，了解胚芽發育情況。請註意休息，遵醫囑。	0
全部症狀：手指關節不小心韌帶扭傷現在關節腫大痛發病時間及原因：治療情況：關節骨頭沒問題。看能用什麼有效的外敷藥治療。 考慮是懷孕孩子小，估計影響不好導致的像你的這種情況考慮是進行增加營養複查可以的，估計可以改善的，男女孩正常孕檢不能判斷	0
全部症狀：手指關節不小心韌帶扭傷現在關節腫大痛發病時間及原因：治療情況：關節骨頭沒問題。看能用什麼有效的外敷藥治療。 小孩淋白結腫大是很常見的，特別是扁桃體發炎，咽喉炎，感冒，等出現較常見，一般治療感染後，淋巴結一般不會再痛。關鍵看淋白結腫大的部位，大小，無痛性腫大，就要好好查查，炎癥導致的一般不用處理。	0
全部症狀：手指關節不小心韌帶扭傷現在關節腫大痛發病時間及原因：治療情況：關節骨頭沒問題。看能用什麼有效的外敷藥治療。 還判斷不出來腳上長的是不是蘚，需要詳細的描述和圖片信息。建議你去醫院之前檢查，掛皮膚科，讓醫生看一下是否需要用些外用的藥物進行治療。	0
全部症狀：手指關節不小心韌帶扭傷現在關節腫大痛發病時間及原因：治療情況：關節骨頭沒問題。看能用什麼有效的外敷藥治療。 正常胎心再120－160次/分鐘。如果胎心低於120或超過160或胎動頻繁，考慮可能為胎兒宮內有缺氧或窒息的情況。	0
全部症狀：手指關節不小心韌帶扭傷現在關節腫大痛發病時間及原因：治療情況：關節骨頭沒問題。看能用什麼有效的外敷藥治療。 可以口服維生素B6，每天三次，每次兩片，或用中藥生麥芽150克煎水服，每日服兩次，一般三天後能達到回乳目的。就不會脹痛了	0
全部症狀：手指關節不小心韌帶扭傷現在關節腫大痛發病時間及原因：治療情況：關節骨頭沒問題。看能用什麼有效的外敷藥治療。 你這可能是胃炎或胃潰瘍，應該做胃鏡檢查確診後，你應服用嗎丁啉飯前服用	0
全部症狀：手指關節不小心韌帶扭傷現在關節腫大痛發病時間及原因：治療情況：關節骨頭沒問題。看能用什麼有效的外敷藥治療。 這是皮下出血點，應該去查查血常規以及出凝血時間了，可能與血小板減少等凝血方面的問題有關，另外皮膚過敏導致的過敏性紫癜也會出現類似的現象。	0
全部症狀：手指關節不小心韌帶扭傷現在關節腫大痛發病時間及原因：治療情況：關節骨頭沒問題。看能用什麼有效的外敷藥治療。 是否腦血栓引起大腦的神經受壓損傷導致手足麻木的。建議這種情況需要到醫院的神經內科就診，確診後可以采取相應的藥物治療。	0
全部症狀：手指關節不小心韌帶扭傷現在關節腫大痛發病時間及原因：治療情況：關節骨頭沒問題。看能用什麼有效的外敷藥治療。 你的這種情況我建議你去檢查一下兩對半，如果乙肝表面抗體陽性表明你巳抵抗乙肝患病的能力且不會被傳染，如果陰性就及時打乙肝疫苗並在打完最後一針後1月後檢查抗體，如果抗體轉陽性也可結婚，結婚後寶寶及時打疫苗。	0
全部症狀：手指關節不小心韌帶扭傷現在關節腫大痛發病時間及原因：治療情況：關節骨頭沒問題。看能用什麼有效的外敷藥治療。 手淫又稱自慰，未婚成年男性或妻子妊娠，有病時適度的手淫對身體有益。長期過度手淫會造成早泄，陽痿，不射精癥，前列腺炎等。男性頻繁手淫容易導致前列腺炎和尿路感染和導致精神狀態不好，乏力，性欲低下，影響工作和學習，甚至影響生育。建議不要穿過於緊的內褲。不要接觸性刺激的圖片和聲音等。有睡眠需求的時候再上床睡覺。早晨不要念床，醒來後即使起床。以免想入非非。但是這些癥狀一般戒掉這個習慣也能夠自行好轉的	0
全部症狀：手指關節不小心韌帶扭傷現在關節腫大痛發病時間及原因：治療情況：關節骨頭沒問題。看能用什麼有效的外敷藥治療。 :從你的描述來看你的情況是在27周多發現了胎位不正這樣的情況需要看看是否有臍繞頸的情況如果沒有才可以進行矯正的:一般來說在懷孕28周確定胎位的這個時間如果胎位不正需要進行矯正的但是應該先做超聲檢查如果有臍繞頸是不可以進行膝胸臥位來矯正胎位的如果沒有臍繞頸可以進行這個方法治療的這個方法效果很好的而且你現在可以進行矯正的	0
全部症狀：手指關節不小心韌帶扭傷現在關節腫大痛發病時間及原因：治療情況：關節骨頭沒問題。看能用什麼有效的外敷藥治療。 月經提前或推遲3到7天屬於正常，如果延遲超過10天以上，有性生活且無安全避孕措施，那麽首先應考慮懷孕的可能。建議你去醫院婦產科做血HcG檢查以明確是否懷孕。	0
全部症狀：手指關節不小心韌帶扭傷現在關節腫大痛發病時間及原因：治療情況：關節骨頭沒問題。看能用什麼有效的外敷藥治療。 應多喝生水或含有豐富鐵質的食品，瘦肉、雞蛋的蛋白、菠菜、包心菜、芹菜、水果等等都是最佳的治療食物。多吃含堿性物質的新鮮蔬菜和水果。補充維生素E。忌。1煙、酒及辛辣刺激食物，如蔥、蒜、韭菜、姜、花椒、辣椒、桂皮等。2忌油膩、燥熱食物（肥肉、油炸食品。3忌過食糖和脂肪豐富的食物，如肝類、肉類、洋蔥等酸性食物。多補充維生素E。維生素E可抵抗毛發衰老，促進細胞分裂，使毛發生長。	0
全部症狀：手指關節不小心韌帶扭傷現在關節腫大痛發病時間及原因：治療情況：關節骨頭沒問題。看能用什麼有效的外敷藥治療。 頭暈時沒有天旋地轉周圍物體旋轉，血壓高或者低、腦供血不足等等都可以引起。建議：第一，測血壓，看看血壓的高低，在治療。第二，測頸動脈超聲或者經顱多普勒超聲，看看腦供血情況S，如果腦供血不足，在應用活血化瘀、治療眩暈的藥物治療，第三，盡快檢查治療吧。	0
全部症狀：手指關節不小心韌帶扭傷現在關節腫大痛發病時間及原因：治療情況：關節骨頭沒問題。看能用什麼有效的外敷藥治療。 從癥狀來看應該和腎虛有關，可以服用藥物六味地黃丸治療。	0
全部症狀：手指關節不小心韌帶扭傷現在關節腫大痛發病時間及原因：治療情況：關節骨頭沒問題。看能用什麼有效的外敷藥治療。 一般流產後陰道會出血但血量不會超過10天。10天幹凈了說明流幹凈了。內膜需要21天修複的。不避孕的話會再次懷孕的。如果孕囊著床了是好的。一般沒有好大的影響的。現在可以吃葉酸預防寶寶畸形的。要註意休息。在孕期未滿三個月是不能同房的。建議你去做個B超檢查看看是宮內孕嗎。	0
全部症狀：手指關節不小心韌帶扭傷現在關節腫大痛發病時間及原因：治療情況：關節骨頭沒問題。看能用什麼有效的外敷藥治療。 ～你的情況不排除有反流性食道炎或是功能紊亂有關，建議做個胃鏡檢查進一步了解胃食道功能情況和有無食道反流等，確診後適當使用藥物治療，註意情緒心態和飲食的調養	0
全部症狀：手指關節不小心韌帶扭傷現在關節腫大痛發病時間及原因：治療情況：關節骨頭沒問題。看能用什麼有效的外敷藥治療。 頸椎病、臂叢神經損傷、末梢神經炎等，均可引起手臂發麻。你的情況可能屬於頸椎病導致的。建議先去醫院做頸部x片或ct明確診斷，適當使用如天麻杜仲膠囊、頸複康、維生素b1、b12等調節神經。可以配合按摩、熱敷、針灸等理療。平時註意不要長時間固定一種姿勢，多運動。	0
全部症狀：手指關節不小心韌帶扭傷現在關節腫大痛發病時間及原因：治療情況：關節骨頭沒問題。看能用什麼有效的外敷藥治療。 懷孕是已經三個月了，不可能做人流的。可能是需要引產，或是藥流後清宮去醫院咨詢下吧，看看需要做什麽，如果引產的話，需要有引產證明	0
全部症狀：手指關節不小心韌帶扭傷現在關節腫大痛發病時間及原因：治療情況：關節骨頭沒問題。看能用什麼有效的外敷藥治療。 腮腺炎是由腮腺炎病毒侵犯腮腺引起的急性呼吸傳染病，飲食宜軟、易消化，避免酸辣等刺激性食物。因為這些食物易刺激唾液腺分泌，導致局部疼痛加劇。要多飲開水，保持口腔清潔，也可用複方硼砂溶液漱口。腫脹部位可用中藥外敷，取青黛15克，或中成藥如意金黃散15克，用水調勻即可。外敷後可減少局部疼痛，幫助消腫。同時還可服板藍根沖劑。如果出現睪丸炎等並發癥時及時處理。	0
全部症狀：手指關節不小心韌帶扭傷現在關節腫大痛發病時間及原因：治療情況：關節骨頭沒問題。看能用什麼有效的外敷藥治療。 你的這種情況應該沒有多大關系在拍片之後的下一個月就可以考慮受孕。建議你去醫院進行檢查，只要在懷孕之後不要再拍片子註意進行產檢就可以了。	0
全部症狀：手指關節不小心韌帶扭傷現在關節腫大痛發病時間及原因：治療情況：關節骨頭沒問題。看能用什麼有效的外敷藥治療。 這個PPH手術是在肛門里面做的，碰不到陰道的組織的，和陰道無關的。這個手術現在開展的已經很成熟了，手術時間也很短的。	0
全部症狀：手指關節不小心韌帶扭傷現在關節腫大痛發病時間及原因：治療情況：關節骨頭沒問題。看能用什麼有效的外敷藥治療。 如果宮縮次數不是很頻繁，沒有腹痛，註意休息就可以了。需要註意的是，不要自行用藥，而且服用藥物一般也不能緩解，這時，孕媽媽要註意休息，尤其不能刺激腹部。如果嚴重建議到醫院檢查治療。	0
全部症狀：手指關節不小心韌帶扭傷現在關節腫大痛發病時間及原因：治療情況：關節骨頭沒問題。看能用什麼有效的外敷藥治療。 你現在不用擔心，註意休息，禽流感一般是高熱、寒戰、呼吸困難、咯血等癥狀的。關於你的問題，我建議你註意休息，多喝水及青菜水果的，可以吃維生素c、複發甘草片、氨茶堿、抗生素的	0
全部症狀：手指關節不小心韌帶扭傷現在關節腫大痛發病時間及原因：治療情況：關節骨頭沒問題。看能用什麼有效的外敷藥治療。 可以使用泰諾退燒，一直不好的話可以醫院輸液就可以	0
全部症狀：手指關節不小心韌帶扭傷現在關節腫大痛發病時間及原因：治療情況：關節骨頭沒問題。看能用什麼有效的外敷藥治療。 手術可以根治痔瘡，手術後複發，關鍵在於選擇的手術方式和操作者的水平。同時，術後的調理也很重要。日常生活主要是養成良好的飲食習慣，防止便秘。要吃五谷雜糧和芹菜、蘿蔔、菠菜、空心菜、香蕉、蘋果這類含纖維素多的果蔬，還要多飲水，養成定時排便的習慣。建議到正規醫院進行治療。	0
全部症狀：手指關節不小心韌帶扭傷現在關節腫大痛發病時間及原因：治療情況：關節骨頭沒問題。看能用什麼有效的外敷藥治療。 祛風散寒，通絡止痛。用於痹癥，肩周炎，頸椎病，腰腿痛，肌肉關節疼痛，屈伸不利，以及風濕性關節炎、類風濕性關節炎見以上證候者。這兩種藥主要是治療骨質增生與腰腿痛，可以一起吃。	0
全部症狀：手指關節不小心韌帶扭傷現在關節腫大痛發病時間及原因：治療情況：關節骨頭沒問題。看能用什麼有效的外敷藥治療。 癲癇主要是藥物治療，目前最常選用的藥物包括傳統抗癲癇藥中的卡馬西平，丙戊酸鈉等，新型抗癲癇藥如拉莫三嗪，托吡酯，奧卡西平等，這些抗癲癇藥物比苯妥英鈉，苯巴比妥等老藥安全性好，副作用小	0
全部症狀：手指關節不小心韌帶扭傷現在關節腫大痛發病時間及原因：治療情況：關節骨頭沒問題。看能用什麼有效的外敷藥治療。 對於包皮環切術的話，傷口裂開一針的話，問題不大的，只是需要及時換藥，避免性生活以及避免傷口感染即可的。沒太大的問題的，疼痛的話，也是正常的情況。放松心情，不要擔心，包皮的再生能力很強的，只有一針的話，問題不大的，需要及時換藥，註意傷口衛生，禁止性生活。	0
全部症狀：手指關節不小心韌帶扭傷現在關節腫大痛發病時間及原因：治療情況：關節骨頭沒問題。看能用什麼有效的外敷藥治療。 不會，便血的原因有很多，首先要查明便血的原因，然後對癥治療，常見於痔瘡，肛裂等，但是除了痔瘡，肛裂外還有潰瘍性結腸炎，直腸息肉，直腸癌等，都會引起便血，痔瘡，肛裂的便血一般是鮮紅色血液為主，建議你還是到正規的肛腸專科醫院檢查確診，然後對癥治療	0
全部症狀：手指關節不小心韌帶扭傷現在關節腫大痛發病時間及原因：治療情況：關節骨頭沒問題。看能用什麼有效的外敷藥治療。 屬於鼻炎引起的癥狀，會引起鼻塞流涕和鼻癢等癥狀的，你的情況需要積極治療的你的情況我建議積極服用香菊片和維生素C和用伯克鈉噴鼻子治療，效果佳的	0
全部症狀：手指關節不小心韌帶扭傷現在關節腫大痛發病時間及原因：治療情況：關節骨頭沒問題。看能用什麼有效的外敷藥治療。 腳氣是由一種皮膚癬菌引起的疾病，而這種癬菌在比較潮濕、高溫的環境下更容易滋生，建議每天使用食醋兌水浸泡20分鐘後，局部塗抹派瑞松軟膏治療。	0
全部症狀：手指關節不小心韌帶扭傷現在關節腫大痛發病時間及原因：治療情況：關節骨頭沒問題。看能用什麼有效的外敷藥治療。 應是癲癇的發作，建議去醫院做腦電圖檢查，癲癇的治療目前還是首選藥物治療為主，藥物治療多數的病人都是可以達到比較理想的效果。藥物治療建議采用以補益心腎、滌痰熄風，開竅定癇，活血化淤、平肝瀉火的中藥進行治療，調理身體狀況，調理臟腑機能，固本培元，達到治愈的目的。中藥副作用小，標本兼治，治愈後不易複發。可以達到很好的治療效果	0
全部症狀：手指關節不小心韌帶扭傷現在關節腫大痛發病時間及原因：治療情況：關節骨頭沒問題。看能用什麼有效的外敷藥治療。 考慮胃炎胃動力減弱引起的，可以服用胃康靈膠囊和嗎叮啉片或者三九胃泰膠囊看看。另外應註意日常飲食與保健，並註重運動和休息，調整精神狀態。生活有規律，定食定量用餐，保持心情舒暢	0
全部症狀：手指關節不小心韌帶扭傷現在關節腫大痛發病時間及原因：治療情況：關節骨頭沒問題。看能用什麼有效的外敷藥治療。 醫院，，，懷孕49天內的。可以作藥流。孕期在70天內可以選擇人流。建議在選擇流產方式之前，去醫院檢查B超，排除宮外孕後再選擇流產方式。	0
全部症狀：手指關節不小心韌帶扭傷現在關節腫大痛發病時間及原因：治療情況：關節骨頭沒問題。看能用什麼有效的外敷藥治療。 根據你的考慮可能是生產後遺留的癥狀，要及時檢查對癥治療，避免病情加重。建議要及時去醫院檢查子宮的恢複情況和腰椎拍片等，根據檢查結果選擇適當的促進子宮恢複的藥物對癥治療，如，益母草顆粒，有腰椎疾病臥床休息，避免活動加重病情。	0
全部症狀：手指關節不小心韌帶扭傷現在關節腫大痛發病時間及原因：治療情況：關節骨頭沒問題。看能用什麼有效的外敷藥治療。 一般這樣的情況最有可能的是，沙眼，慢性結膜炎，慢性淚囊炎。建議去眼科看一下，常規可使用洛美沙星滴眼液，晚上用金黴素眼膏，不吃刺激和辛辣食物，註意保護眼睛，如果淚囊炎，可考慮去眼科做下通液。	0
全部症狀：手指關節不小心韌帶扭傷現在關節腫大痛發病時間及原因：治療情況：關節骨頭沒問題。看能用什麼有效的外敷藥治療。 你這很可能是急性膀胱炎的癥狀，這應該與你經期同誘發有關的啊。一般在月經期間禁止性生活的，主要是避免感染和經血逆流，以免影響月經變化。建議你多喝水，同時註意外陰衛生。這段期間禁止性生活。可以服用左氧，三金片對癥處理。	0
全部症狀：手指關節不小心韌帶扭傷現在關節腫大痛發病時間及原因：治療情況：關節骨頭沒問題。看能用什麼有效的外敷藥治療。 月經推後還要考慮是勞累，休息不好、精神緊張、焦慮、環境改變、婦科炎癥、內分泌紊亂都可能導致月經推後的。建議去醫院檢查性激素六項及B超，找到原因然後針對性治療。	0
全部症狀：手指關節不小心韌帶扭傷現在關節腫大痛發病時間及原因：治療情況：關節骨頭沒問題。看能用什麼有效的外敷藥治療。 你描述的癥狀是急慢性腸炎的常見表現，一般和飲食不潔或飲食不節有關。最好輔助大便常規以明確診斷，適當禁食，如果能進食需要補充足夠的糖鹽水預防脫水。在當地醫生的指導下選用氟哌酸等口服藥物。	0
全部症狀：手指關節不小心韌帶扭傷現在關節腫大痛發病時間及原因：治療情況：關節骨頭沒問題。看能用什麼有效的外敷藥治療。 服緊急避孕藥後懷孕，胎兒的先天性畸形一般比較高，如果在懷孕的早期繼續用藥就會增加藥物致畸的可能性。建議你為了保險起見，懷孕後要是口服了避孕藥，還是終止妊娠比較好。	0
全部症狀：手指關節不小心韌帶扭傷現在關節腫大痛發病時間及原因：治療情況：關節骨頭沒問題。看能用什麼有效的外敷藥治療。 一般是沒事的但是，不排除有引起婦科感染或不孕的可能，一定要註意檢查，註意陰部衛生和複查	0
全部症狀：手指關節不小心韌帶扭傷現在關節腫大痛發病時間及原因：治療情況：關節骨頭沒問題。看能用什麼有效的外敷藥治療。 腰部疼痛有很多原因，小關節病變、椎間盤病變、腰肌勞損以及外傷都能引起，你趴桌子上也可能姿勢不正確引起疼來，問題不大。建議你平時註意休息，看能否緩解，如果不緩解可以去醫院做個腰椎CT或MR，不要過於緊張。希望能幫到你	0
全部症狀：手指關節不小心韌帶扭傷現在關節腫大痛發病時間及原因：治療情況：關節骨頭沒問題。看能用什麼有效的外敷藥治療。 首先痛經從定義上來講是女性正值經期或行經前後出現周期性小腹疼痛或痛至腰骶，甚至也會出現劇痛暈厥，也有稱經行腹痛，可分為原發性和繼發性的。原發性也稱為功能性痛經，也屬生殖器官無器質性疾病者多見於青少年女性。繼發性情況是由於盆腔器質性疾病如子宮內膜異位癥、子宮腺肌病、盆腔炎等引起，較常見與育齡期女性一般的治療從緩解疼痛和結合中醫的辯證施治治本，主次有序地分階段調治，平時也應加強鍛煉增強體質保持良好的生活規律，避免經期過度勞累、防止受寒，同時也要重視心理的調整，消除緊張和顧慮，最後你在權威醫	0
全部症狀：手指關節不小心韌帶扭傷現在關節腫大痛發病時間及原因：治療情況：關節骨頭沒問題。看能用什麼有效的外敷藥治療。 胸痹輕者偶發短暫輕微的胸部沈悶或隱痛，或為發作性膻中或左胸含糊不清的不適感。重者疼痛劇烈，或呈壓榨樣絞痛。常伴有心悸，氣短，呼吸不暢，甚至喘促，驚恐不安，面色蒼白，冷汗自出等。多由勞累、飽餐、寒冷及情緒激動而誘發，亦可無明顯誘因或安靜時發病。發作期患者應立即臥床休息，緩解期要註意適當休息，堅持力所能及的活動，做到動中有靜，保證充足的睡眠。發病時醫護人員還應加強巡視，觀察舌脈、體溫、呼吸、血壓及精神情誌變化，做好各種搶救設備及藥物準備，必要時給予吸氧、心電監護及保持靜脈通道。	0
全部症狀：手指關節不小心韌帶扭傷現在關節腫大痛發病時間及原因：治療情況：關節骨頭沒問題。看能用什麼有效的外敷藥治療。 如果采取安全期避孕法，建議避開受孕期，這樣受孕的機率會小一些，一般卵子在體內可存活12-36小時，而男性的精子在陰道內可以存活3天女性一般在排卵期最容易受孕，月經規律的婦女，排卵通常發生在下次月經前14日左右據此推算出排卵前後4-5日為易受孕期建議避開排卵期，或者采取有效的避孕方式	0
全部症狀：手指關節不小心韌帶扭傷現在關節腫大痛發病時間及原因：治療情況：關節骨頭沒問題。看能用什麼有效的外敷藥治療。 孩子有遠視的現象，目前要及時給孩子配鏡矯正治療的，當然有可能是先天性的，還要複查的。帶孩子上當地三甲醫院眼科或者專業眼科檢查一下，同時平時要註意休息，不要用眼過度，少看電視一類的，適當補充維A	0
全部症狀：手指關節不小心韌帶扭傷現在關節腫大痛發病時間及原因：治療情況：關節骨頭沒問題。看能用什麼有效的外敷藥治療。 你的這種癥狀就是所說的日光性皮炎，即陽光對皮膚的急性破壞，就是我們平時所說的曬傷，皮膚會出現帶紅、疼痛、脫皮、起水泡，嚴重的甚至會出現發燒、頭痛等情況。出現日光性皮炎，要註意日常的護理，一般按輕重程度對其進行護理：輕微發紅輕微曬傷，立即用化妝水棉片進行敷面。不斷地替換化妝棉，直到肌膚感到冰涼為止。以臉頰、鼻子等泛紅的部位為中心，耐心地仔細冰敷。敷面後以潤膚露進行保濕，並依據肌膚的狀況塗抹乳液或其他美白護膚品保養品。發熱肌膚發熱的時候一般都會比較敏感，註意使用具鎮靜效果的化妝	0
全部症狀：手指關節不小心韌帶扭傷現在關節腫大痛發病時間及原因：治療情況：關節骨頭沒問題。看能用什麼有效的外敷藥治療。 一般情況腰椎間盤突出壓迫神經引起腿部疼痛不適麻木，可以腰椎核磁共振檢查，一般可以藥物治療局部理療觀察，如果突出嚴重可以微創或手術建議註意休息，睡硬板床，避免腰部勞累，可以康複科針灸按摩牽引理療，應用根痛平膠囊，萬通貼膏等	0
全部症狀：手指關節不小心韌帶扭傷現在關節腫大痛發病時間及原因：治療情況：關節骨頭沒問題。看能用什麼有效的外敷藥治療。 貧血、體質不佳、腦供血不足、頸椎病、前庭器官疾病都會導致頭暈、惡心的情況發生，若是腦部受到外傷，造成腦震蕩，也會出現頭暈、惡心。建議你詢問孩子是否受過腦外傷，盡快到醫院進行顱腦CT檢查，明確病因及時治療。最近註意休息，增強營養，飲食以清淡為主，可少食多餐	0
全部症狀：手指關節不小心韌帶扭傷現在關節腫大痛發病時間及原因：治療情況：關節骨頭沒問題。看能用什麼有效的外敷藥治療。 可能是由於骨折引起的，一般骨折的治療是先複位，在固定1個月，然後進行康複治療，如果有需要是要采取手術複位等，同時應該服用一些含鈣量高的食物，促進骨骼的生長	0
全部症狀：手指關節不小心韌帶扭傷現在關節腫大痛發病時間及原因：治療情況：關節骨頭沒問題。看能用什麼有效的外敷藥治療。 癲癇有30余個類型。不同類型的癲癇治療和預後不同。首先必須到正規醫院去看癲癇專科醫生。醫生需要詳細詢問病史並且做必要的檢查。如腦電圖。頭顱CT。核磁共振等。確診以後才能給予正確有效的治療。目前最常選用的藥物包括傳統抗癲癇藥中的卡馬西平。丙戊酸鈉等。新型抗癲癇藥如拉莫三嗪。托吡酯。奧卡西平等。癲癇的治療主張單藥治療。從小劑量開始。如單藥無效。可考慮加用或換用另一種抗癲癇藥。如確實認為一種藥物對該病人無效或副作用過大。需更換另一種藥物時。須逐漸替換。	0
全部症狀：手指關節不小心韌帶扭傷現在關節腫大痛發病時間及原因：治療情況：關節骨頭沒問題。看能用什麼有效的外敷藥治療。 抗高血壓壓本身就是要長期用的，但是要根據你血壓的情況選取藥，不一定就是這個適合，當你有耐藥出現的時候，可加用其它的藥物。	0
全部症狀：手指關節不小心韌帶扭傷現在關節腫大痛發病時間及原因：治療情況：關節骨頭沒問題。看能用什麼有效的外敷藥治療。 可以服中藥花粉膠囊或者養生酷樂效果不錯，無副作用。適當增加營養，增強體質，同時應該戒除煙，酒等攝入，多吃壯陽食物如狗肉，核桃，韭菜等	0
全部症狀：手指關節不小心韌帶扭傷現在關節腫大痛發病時間及原因：治療情況：關節骨頭沒問題。看能用什麼有效的外敷藥治療。 的話，腰椎間盤突出。首先還是要靠采取保守治療。腰椎間盤突出的主要癥狀就是腰痛或者是一側的下肢疼痛麻木。你目前這個情況的話可以口服上一段時間的仙靈骨葆就能和甲鈷胺片。要盡量的多休息，不能夠側身提重物。如果疼痛比較明顯的話，可以采取一下腰椎的牽引和局部的推拿按摩。除非在保守治療無效的情況下才考慮手術治療。	0
全部症狀：手指關節不小心韌帶扭傷現在關節腫大痛發病時間及原因：治療情況：關節骨頭沒問題。看能用什麼有效的外敷藥治療。 是可以及時的行觀察及進行抗病毒的治療就可以的，要是出現瘙癢的情況是需要進行抓撓的，註意避免感染加重病情。	0
全部症狀：手指關節不小心韌帶扭傷現在關節腫大痛發病時間及原因：治療情況：關節骨頭沒問題。看能用什麼有效的外敷藥治療。 你的情況可以服用藿香正氣軟膠囊和黃連素片治療，同時平時要註意多運動，進食易消化的食物多吃青菜和水果，多飲水情況會慢慢改善的，晨起空腹飲一杯淡鹽水或蜂蜜水，配合腹部按摩	0
全部症狀：手指關節不小心韌帶扭傷現在關節腫大痛發病時間及原因：治療情況：關節骨頭沒問題。看能用什麼有效的外敷藥治療。 痔瘡，你最好是到醫院檢查一下，以便對癥治療。要註意飲食，禁忌辛辣刺激性的食物。	0
全部症狀：手指關節不小心韌帶扭傷現在關節腫大痛發病時間及原因：治療情況：關節骨頭沒問題。看能用什麼有效的外敷藥治療。 考慮是皮膚過敏，，建議外塗醋酸膚輕松冰片軟膏或阿昔洛韋軟膏效果最好。可吃些消風止癢顆粒或氯雷他定來治療，不可吃辛辣刺激和易過敏食物，祝你健康這個不能確定，建議你給醫生看看並完善相關檢查確診再對癥治療	0
全部症狀：手指關節不小心韌帶扭傷現在關節腫大痛發病時間及原因：治療情況：關節骨頭沒問題。看能用什麼有效的外敷藥治療。 根據你的孩子癥狀，在有高熱驚厥，考慮是大腦中樞發育不完善引起，但是也需要做腦電圖檢查，排除癲癇疾病引起為宜，或是做頭顱CT檢查等。建議積極神經科就診，積極觀察，註意保暖，避免急性的發熱和上呼吸道感染等疾病。	0
全部症狀：手指關節不小心韌帶扭傷現在關節腫大痛發病時間及原因：治療情況：關節骨頭沒問題。看能用什麼有效的外敷藥治療。 建議前三個月和後三個月不易過性生活，強烈的性生活會刺激子宮強力收縮而引起流產或早產的可能。懷孕中期即四，五，六月可以適當性生活，體位以不壓迫女方腹部為宜。	0
全部症狀：手指關節不小心韌帶扭傷現在關節腫大痛發病時間及原因：治療情況：關節骨頭沒問題。看能用什麼有效的外敷藥治療。 小腿的血液循環相對來說不是特別豐富發生骨折外傷之後需要的時間也是比較長的，三個月左右的時間一般來說也差不多了你現在這個情況最好先去醫院複查，拍片看一看骨頭的具體情況吧，如果這個時候骨頭差不多愈合，可以考慮適當下地活動	0
全部症狀：手指關節不小心韌帶扭傷現在關節腫大痛發病時間及原因：治療情況：關節骨頭沒問題。看能用什麼有效的外敷藥治療。 考慮是有中風，臨床上和高血脂，血糖高，運動少等原因有關。給予擴張腦血管，營養腦細胞藥物治療，如給予舒血寧註射液，腦活素註射液等，繼續口服阿司匹林片，降血糖藥物，降血脂片	0
全部症狀：手指關節不小心韌帶扭傷現在關節腫大痛發病時間及原因：治療情況：關節骨頭沒問題。看能用什麼有效的外敷藥治療。 腦發育不好的治療目前主要是以康複治療為主不適合手術治療治療後的最佳的治療效果因人而異主要是與腦畸形的原因及發生時間有關系以生的時間越早治療起來效果就會越慢還有就是癲癇波明顯嗎癲癇波很嚴重的話也會影響孩子的大腦發育如果沒有並發癥是不影響生命的建議去正規的醫院檢查一下根據病情治療	0
全部症狀：手指關節不小心韌帶扭傷現在關節腫大痛發病時間及原因：治療情況：關節骨頭沒問題。看能用什麼有效的外敷藥治療。 根據你的照片，肛周膿腫可能性最大，脹痛不適，如果破潰，可見膿液，破潰後就是肛瘺如果膿腫不能自行破潰，需要手術將膿液排出，建議盡早至肛腸科外科門診診治	0
全部症狀：手指關節不小心韌帶扭傷現在關節腫大痛發病時間及原因：治療情況：關節骨頭沒問題。看能用什麼有效的外敷藥治療。 你的情況如果是服用了避孕藥考慮是避孕藥導致的月經不調緊急避孕藥有一定的副作用，可能會導致人體內分泌紊亂、月經失調，甚至陰道不規則出血，如果月經不調嚴重不加以調理的話則可能會產生不孕癥，從而影響生育	0
請問一下腦袋疼的厲害，基本整個腦袋都疼，睡覺也睡覺著，就是近來幾天的事，前幾天感冒高燒了，後來好了腦袋就一直疼，現在嗓子也發炎了，一咳嗽腦袋就疼，請問下吃點什麼藥啊 你的這種情況是不正常的，建議及時去醫院檢查B超，一是考慮宮外孕的情況，同時多伴有腹痛癥狀。二是考慮先兆流產的可能。在排除宮外孕的可能後及時行保胎治療。治療期間絕對的臥床休息，保持外陰清潔避免逆行感染，另外還要放松心情，以免病情加重。	0
請問一下腦袋疼的厲害，基本整個腦袋都疼，睡覺也睡覺著，就是近來幾天的事，前幾天感冒高燒了，後來好了腦袋就一直疼，現在嗓子也發炎了，一咳嗽腦袋就疼，請問下吃點什麼藥啊 可能內分泌的，調節內分泌主要從飲食，運動上入手，必要時輔以藥物治療。要養成良好的飲食習慣，多吃新鮮果蔬，高蛋白類的食物，多喝水，補充身體所需的水分。同時多參加各種運動鍛煉，加強體質。還要有科學的生活規律，不要經常熬夜，以免破壞正常的生理規律。還要保證註意休息，充足睡眠。避免過度勞累與激動，保持精神愉快，以免不良情緒影響到內分泌系統。	0
請問一下腦袋疼的厲害，基本整個腦袋都疼，睡覺也睡覺著，就是近來幾天的事，前幾天感冒高燒了，後來好了腦袋就一直疼，現在嗓子也發炎了，一咳嗽腦袋就疼，請問下吃點什麼藥啊 白帶量多，考慮生殖器炎癥，鑒別需要借助婦科檢查，陰道鏡，B超等。由於不同部位的生殖器炎癥，和不同病因導致的同一部位炎癥治療上有差別，建議完善相關婦科檢查，明確診斷，對癥治療。	0
請問一下腦袋疼的厲害，基本整個腦袋都疼，睡覺也睡覺著，就是近來幾天的事，前幾天感冒高燒了，後來好了腦袋就一直疼，現在嗓子也發炎了，一咳嗽腦袋就疼，請問下吃點什麼藥啊 日常飲食中應註意多吃富含高蛋白、維生素B和維生素C的食品及含鐵豐富的飲食。有益的水果有蘋果、大棗、荔枝、香蕉等。此外還應多食用黑木耳、香菇、黑豆、芝麻等食品，益於補養生血。	0
請問一下腦袋疼的厲害，基本整個腦袋都疼，睡覺也睡覺著，就是近來幾天的事，前幾天感冒高燒了，後來好了腦袋就一直疼，現在嗓子也發炎了，一咳嗽腦袋就疼，請問下吃點什麼藥啊 例假不停一個月來20天的話，這種情況考慮是內分泌失調造成的月經不調的，需要去醫院檢查一下看看的目前建議及時去醫院做個內分泌檢查看看，根據檢查結果考慮及時治療，平時註意不要過度勞累，避免著涼	0
請問一下腦袋疼的厲害，基本整個腦袋都疼，睡覺也睡覺著，就是近來幾天的事，前幾天感冒高燒了，後來好了腦袋就一直疼，現在嗓子也發炎了，一咳嗽腦袋就疼，請問下吃點什麼藥啊 卵巢早衰的方法，一般采用周期性激素替代治療方案，即以28天為一個治療周期，第1―21天，每天服用低劑量天然雌激素，並且在第12―21天加用天然孕酮，然後停藥7天	0
